InvoiceID,VendorID,City,Amount,InvoiceDate,PaymentStatus,ProductCategory,FraudLabel
INV0001,V004,Chennai,6156.65,2024-01-01 00:00:00,Pending,Books,0
INV0002,V005,Chennai,7652.63,2024-01-01 03:00:00,Failed,Clothing,0
INV0003,V003,Chennai,4331.01,2024-01-01 06:00:00,Paid,Furniture,0
INV0004,V005,Chennai,3356.24,2024-01-01 09:00:00,Paid,Groceries,0
INV0005,V005,Delhi,4894.06,2024-01-01 12:00:00,Pending,Clothing,0
INV0006,V002,Delhi,24379.13949565776,2024-05-02 06:00:00,Pending,Clothing,1
INV0007,V003,Mumbai,4035.59,2024-01-01 18:00:00,Paid,Furniture,0
INV0008,V003,Hyderabad,6966.94,2024-01-01 21:00:00,Paid,Electronics,0
INV0009,V003,Chennai,7013.24,2024-01-02 00:00:00,Paid,Electronics,0
INV0010,V005,Mumbai,4335.69,2024-01-02 03:00:00,Paid,Books,0
INV0011,V004,Hyderabad,5682.78,2024-01-02 06:00:00,Paid,Furniture,0
INV0012,V003,Bangalore,6954.08,2024-01-02 09:00:00,Pending,Groceries,0
INV0013,V005,Delhi,4545.05,2024-01-02 12:00:00,Paid,Groceries,0
INV0014,V002,Hyderabad,4755.7,2024-01-02 15:00:00,Paid,Furniture,0
INV0015,V004,Bangalore,4301.98,2024-01-02 18:00:00,Paid,Groceries,0
INV0016,V002,Hyderabad,3782.29,2024-01-02 21:00:00,Paid,Electronics,0
INV0017,V004,Delhi,4220.87,2024-01-03 00:00:00,Paid,Groceries,0
INV0018,V005,Delhi,3531.27,2024-01-03 03:00:00,Paid,Groceries,0
INV0019,V001,Mumbai,5040.9,2024-01-03 06:00:00,Pending,Furniture,0
INV0020,V004,Chennai,4076.03,2024-01-03 09:00:00,Paid,Furniture,0
INV0021,V002,Hyderabad,5280.54,2024-01-03 12:00:00,Failed,Groceries,0
INV0022,V005,Hyderabad,3132.93,2024-01-03 15:00:00,Paid,Clothing,0
INV0023,V004,Bangalore,5397.06,2024-01-03 18:00:00,Paid,Furniture,0
INV0024,V001,Delhi,6000.23,2024-01-03 21:00:00,Paid,Books,0
INV0025,V001,Hyderabad,2607.52,2024-01-04 00:00:00,Paid,Books,0
INV0026,V003,Delhi,5448.87,2024-01-04 03:00:00,Pending,Electronics,0
INV0027,V003,Hyderabad,6473.2,2024-01-04 06:00:00,Paid,Groceries,0
INV0028,V002,Mumbai,3548.43,2024-01-04 09:00:00,Paid,Clothing,0
INV0029,V004,Chennai,33951.729801400754,2024-05-03 01:00:00,Pending,Electronics,1
INV0030,V004,Hyderabad,5502.82,2024-01-04 15:00:00,Pending,Groceries,0
INV0031,V003,Delhi,4153.99,2024-01-04 18:00:00,Pending,Furniture,0
INV0032,V004,Mumbai,4933.08,2024-01-04 21:00:00,Paid,Books,0
INV0033,V004,Hyderabad,5669.99,2024-01-05 00:00:00,Pending,Clothing,0
INV0034,V001,Bangalore,5091.21,2024-01-05 03:00:00,Paid,Books,0
INV0035,V003,Chennai,5646.51,2024-01-05 06:00:00,Paid,Furniture,0
INV0036,V005,Hyderabad,3895.19,2024-01-05 09:00:00,Paid,Groceries,0
INV0037,V003,Mumbai,5203.23,2024-01-05 12:00:00,Paid,Furniture,0
INV0038,V005,Bangalore,3303.54,2024-01-05 15:00:00,Paid,Furniture,0
INV0039,V001,Mumbai,4866.53,2024-01-05 18:00:00,Paid,Books,0
INV0040,V002,Mumbai,3915.31,2024-01-05 21:00:00,Pending,Clothing,0
INV0041,V004,Bangalore,4117.36,2024-01-06 00:00:00,Paid,Furniture,0
INV0042,V001,Mumbai,6483.31,2024-01-06 03:00:00,Paid,Books,0
INV0043,V004,Bangalore,6309.57,2024-01-06 06:00:00,Paid,Clothing,0
INV0044,V002,Hyderabad,5730.97,2024-01-06 09:00:00,Pending,Groceries,0
INV0045,V002,Bangalore,3689.22,2024-01-06 12:00:00,Paid,Groceries,0
INV0046,V001,Bangalore,4620.31,2024-01-06 15:00:00,Paid,Electronics,0
INV0047,V002,Chennai,22624.941425609413,2024-05-01 13:00:00,Pending,Books,1
INV0048,V005,Bangalore,5170.06,2024-01-06 21:00:00,Pending,Clothing,0
INV0049,V002,Bangalore,7783.2,2024-01-07 00:00:00,Paid,Furniture,0
INV0050,V004,Hyderabad,5471.98,2024-01-07 03:00:00,Paid,Groceries,0
INV0051,V004,Chennai,5230.46,2024-01-07 06:00:00,Pending,Clothing,0
INV0052,V004,Delhi,4629.06,2024-01-07 09:00:00,Paid,Books,0
INV0053,V004,Hyderabad,5160.25,2024-01-07 12:00:00,Paid,Electronics,0
INV0054,V005,Hyderabad,4817.04,2024-01-07 15:00:00,Pending,Groceries,0
INV0055,V003,Delhi,5849.73,2024-01-07 18:00:00,Paid,Clothing,0
INV0056,V001,Bangalore,6148.04,2024-01-07 21:00:00,Paid,Clothing,0
INV0057,V004,Mumbai,4056.81,2024-01-08 00:00:00,Paid,Clothing,0
INV0058,V002,Chennai,3402.52,2024-01-08 03:00:00,Paid,Books,0
INV0059,V004,Mumbai,2796.55,2024-01-08 06:00:00,Paid,Books,0
INV0060,V002,Delhi,5609.59,2024-01-08 09:00:00,Pending,Books,0
INV0061,V002,Hyderabad,3675.96,2024-01-08 12:00:00,Paid,Furniture,0
INV0062,V004,Hyderabad,2416.53,2024-01-08 15:00:00,Paid,Clothing,0
INV0063,V005,Chennai,5466.29,2024-01-08 18:00:00,Paid,Groceries,0
INV0064,V002,Hyderabad,7991.6,2024-01-08 21:00:00,Paid,Books,0
INV0065,V002,Hyderabad,4992.71,2024-01-09 00:00:00,Failed,Books,0
INV0066,V004,Chennai,6006.19,2024-01-09 03:00:00,Paid,Clothing,0
INV0067,V002,Chennai,5098.2,2024-01-09 06:00:00,Paid,Books,0
INV0068,V002,Delhi,4881.33,2024-01-09 09:00:00,Paid,Furniture,0
INV0069,V004,Hyderabad,6102.89,2024-01-09 12:00:00,Paid,Furniture,0
INV0070,V004,Hyderabad,4651.67,2024-01-09 15:00:00,Paid,Books,0
INV0071,V001,Delhi,5320.87,2024-01-09 18:00:00,Pending,Clothing,0
INV0072,V005,Bangalore,5386.04,2024-01-09 21:00:00,Failed,Clothing,0
INV0073,V005,Bangalore,4198.29,2024-01-10 00:00:00,Paid,Clothing,0
INV0074,V002,Bangalore,6190.45,2024-01-10 03:00:00,Paid,Electronics,0
INV0075,V005,Delhi,4790.05,2024-01-10 06:00:00,Pending,Books,0
INV0076,V002,Hyderabad,4093.11,2024-01-10 09:00:00,Pending,Clothing,0
INV0077,V001,Delhi,5643.81,2024-01-10 12:00:00,Paid,Furniture,0
INV0078,V004,Delhi,3921.84,2024-01-10 15:00:00,Paid,Groceries,0
INV0079,V004,Bangalore,5033.82,2024-01-10 18:00:00,Paid,Groceries,0
INV0080,V004,Mumbai,4989.06,2024-01-10 21:00:00,Pending,Clothing,0
INV0081,V005,Hyderabad,6303.07,2024-01-11 00:00:00,Pending,Groceries,0
INV0082,V001,Bangalore,5569.64,2024-01-11 03:00:00,Paid,Groceries,0
INV0083,V005,Mumbai,4969.97,2024-01-11 06:00:00,Paid,Electronics,0
INV0084,V005,Mumbai,5981.32,2024-01-11 09:00:00,Pending,Furniture,0
INV0085,V001,Chennai,6668.25,2024-01-11 12:00:00,Pending,Furniture,0
INV0086,V001,Hyderabad,5669.37,2024-01-11 15:00:00,Failed,Electronics,0
INV0087,V001,Mumbai,5012.42,2024-01-11 18:00:00,Pending,Electronics,0
INV0088,V001,Bangalore,3425.8,2024-01-11 21:00:00,Paid,Groceries,0
INV0089,V004,Chennai,3721.86,2024-01-12 00:00:00,Paid,Books,0
INV0090,V003,Hyderabad,4633.73,2024-01-12 03:00:00,Paid,Groceries,0
INV0091,V003,Delhi,4268.59,2024-01-12 06:00:00,Paid,Electronics,0
INV0092,V001,Bangalore,4775.63,2024-01-12 09:00:00,Paid,Furniture,0
INV0093,V003,Mumbai,5067.98,2024-01-12 12:00:00,Pending,Groceries,0
INV0094,V003,Mumbai,5635.63,2024-01-12 15:00:00,Paid,Books,0
INV0095,V001,Bangalore,4915.4,2024-01-12 18:00:00,Pending,Groceries,0
INV0096,V003,Mumbai,5583.8,2024-01-12 21:00:00,Paid,Clothing,0
INV0097,V005,Chennai,5077.37,2024-01-13 00:00:00,Failed,Groceries,0
INV0098,V002,Hyderabad,2629.44,2024-01-13 03:00:00,Paid,Electronics,0
INV0099,V002,Chennai,3872.8,2024-01-13 06:00:00,Paid,Furniture,0
INV0100,V001,Mumbai,4827.09,2024-01-13 09:00:00,Paid,Furniture,0
INV0101,V004,Delhi,3548.37,2024-01-13 12:00:00,Paid,Electronics,0
INV0102,V001,Hyderabad,22020.686965661578,2024-05-01 06:00:00,Pending,Clothing,1
INV0103,V004,Hyderabad,6836.9,2024-01-13 18:00:00,Pending,Electronics,0
INV0104,V002,Bangalore,6462.51,2024-01-13 21:00:00,Paid,Groceries,0
INV0105,V001,Bangalore,4743.87,2024-01-14 00:00:00,Paid,Electronics,0
INV0106,V005,Delhi,6788.87,2024-01-14 03:00:00,Paid,Electronics,0
INV0107,V003,Hyderabad,5178.4,2024-01-14 06:00:00,Paid,Clothing,0
INV0108,V004,Delhi,4595.5,2024-01-14 09:00:00,Pending,Groceries,0
INV0109,V003,Bangalore,4263.92,2024-01-14 12:00:00,Pending,Books,0
INV0110,V003,Bangalore,4637.04,2024-01-14 15:00:00,Paid,Books,0
INV0111,V001,Hyderabad,4534.19,2024-01-14 18:00:00,Pending,Furniture,0
INV0112,V003,Chennai,5204.5,2024-01-14 21:00:00,Paid,Electronics,0
INV0113,V005,Mumbai,5192.69,2024-01-15 00:00:00,Pending,Furniture,0
INV0114,V003,Bangalore,5003.66,2024-01-15 03:00:00,Paid,Clothing,0
INV0115,V001,Bangalore,19560.972215018228,2024-05-02 09:00:00,Pending,Books,1
INV0116,V005,Chennai,6428.78,2024-01-15 09:00:00,Pending,Electronics,0
INV0117,V002,Chennai,6139.46,2024-01-15 12:00:00,Paid,Clothing,0
INV0118,V003,Delhi,3218.12,2024-01-15 15:00:00,Pending,Clothing,0
INV0119,V001,Delhi,1935.29,2024-01-15 18:00:00,Paid,Electronics,0
INV0120,V002,Mumbai,6121.18,2024-01-15 21:00:00,Paid,Clothing,0
INV0121,V002,Mumbai,3359.75,2024-01-16 00:00:00,Paid,Electronics,0
INV0122,V004,Hyderabad,4730.28,2024-01-16 03:00:00,Failed,Electronics,0
INV0123,V005,Delhi,3595.86,2024-01-16 06:00:00,Pending,Groceries,0
INV0124,V003,Bangalore,2837.62,2024-01-16 09:00:00,Pending,Furniture,0
INV0125,V001,Delhi,5649.76,2024-01-16 12:00:00,Pending,Clothing,0
INV0126,V004,Bangalore,5910.99,2024-01-16 15:00:00,Paid,Clothing,0
INV0127,V005,Chennai,4308.19,2024-01-16 18:00:00,Pending,Groceries,0
INV0128,V004,Delhi,1890.75,2024-01-16 21:00:00,Paid,Groceries,0
INV0129,V005,Chennai,4344.51,2024-01-17 00:00:00,Paid,Groceries,0
INV0130,V005,Mumbai,5470.16,2024-01-17 03:00:00,Paid,Books,0
INV0131,V003,Mumbai,3225.31,2024-01-17 06:00:00,Pending,Books,0
INV0132,V005,Hyderabad,5220.03,2024-01-17 09:00:00,Pending,Books,0
INV0133,V004,Delhi,15807.453950980167,2024-05-01 05:00:00,Failed,Electronics,1
INV0134,V005,Chennai,5695.15,2024-01-17 15:00:00,Paid,Clothing,0
INV0135,V003,Bangalore,5143.5,2024-01-17 18:00:00,Pending,Furniture,0
INV0136,V003,Mumbai,3832.32,2024-01-17 21:00:00,Paid,Electronics,0
INV0137,V004,Mumbai,27893.307956084536,2024-05-01 03:00:00,Pending,Clothing,1
INV0138,V002,Bangalore,4809.76,2024-01-18 03:00:00,Failed,Clothing,0
INV0139,V002,Chennai,4967.23,2024-01-18 06:00:00,Paid,Groceries,0
INV0140,V005,Chennai,3880.08,2024-01-18 09:00:00,Paid,Groceries,0
INV0141,V001,Delhi,21813.262613966013,2024-05-02 20:00:00,Failed,Electronics,1
INV0142,V005,Delhi,3938.24,2024-01-18 15:00:00,Pending,Groceries,0
INV0143,V004,Hyderabad,4792.46,2024-01-18 18:00:00,Paid,Clothing,0
INV0144,V004,Mumbai,7054.05,2024-01-18 21:00:00,Failed,Groceries,0
INV0145,V004,Delhi,3353.72,2024-01-19 00:00:00,Paid,Books,0
INV0146,V004,Chennai,3063.73,2024-01-19 03:00:00,Paid,Groceries,0
INV0147,V004,Bangalore,36412.99911030799,2024-05-01 14:00:00,Failed,Clothing,1
INV0148,V003,Chennai,4748.81,2024-01-19 09:00:00,Pending,Electronics,0
INV0149,V002,Mumbai,4197.11,2024-01-19 12:00:00,Paid,Furniture,0
INV0150,V004,Chennai,6247.89,2024-01-19 15:00:00,Pending,Groceries,0
INV0151,V001,Hyderabad,4273.26,2024-01-19 18:00:00,Paid,Clothing,0
INV0152,V001,Mumbai,7191.21,2024-01-19 21:00:00,Paid,Furniture,0
INV0153,V001,Bangalore,5813.51,2024-01-20 00:00:00,Paid,Furniture,0
INV0154,V001,Hyderabad,4414.51,2024-01-20 03:00:00,Pending,Books,0
INV0155,V003,Mumbai,7588.77,2024-01-20 06:00:00,Paid,Furniture,0
INV0156,V001,Bangalore,4273.14,2024-01-20 09:00:00,Paid,Clothing,0
INV0157,V004,Hyderabad,5890.51,2024-01-20 12:00:00,Paid,Clothing,0
INV0158,V005,Hyderabad,5359.15,2024-01-20 15:00:00,Pending,Groceries,0
INV0159,V001,Mumbai,6562.09,2024-01-20 18:00:00,Paid,Groceries,0
INV0160,V003,Delhi,6873.81,2024-01-20 21:00:00,Pending,Groceries,0
INV0161,V003,Hyderabad,5038.4,2024-01-21 00:00:00,Paid,Furniture,0
INV0162,V001,Hyderabad,4095.9,2024-01-21 03:00:00,Paid,Furniture,0
INV0163,V005,Bangalore,5551.97,2024-01-21 06:00:00,Paid,Books,0
INV0164,V001,Chennai,4186.74,2024-01-21 09:00:00,Pending,Groceries,0
INV0165,V003,Mumbai,7416.06,2024-01-21 12:00:00,Pending,Electronics,0
INV0166,V002,Mumbai,5163.84,2024-01-21 15:00:00,Paid,Books,0
INV0167,V004,Delhi,4561.61,2024-01-21 18:00:00,Paid,Electronics,0
INV0168,V003,Delhi,5221.62,2024-01-21 21:00:00,Paid,Furniture,0
INV0169,V001,Mumbai,3383.45,2024-01-22 00:00:00,Paid,Books,0
INV0170,V004,Delhi,3834.06,2024-01-22 03:00:00,Paid,Books,0
INV0171,V001,Bangalore,6440.5,2024-01-22 06:00:00,Paid,Clothing,0
INV0172,V001,Mumbai,4211.73,2024-01-22 09:00:00,Paid,Furniture,0
INV0173,V002,Delhi,3743.71,2024-01-22 12:00:00,Paid,Furniture,0
INV0174,V004,Mumbai,5643.98,2024-01-22 15:00:00,Paid,Books,0
INV0175,V004,Chennai,6422.84,2024-01-22 18:00:00,Pending,Furniture,0
INV0176,V002,Hyderabad,5862.74,2024-01-22 21:00:00,Paid,Books,0
INV0177,V003,Mumbai,6195.26,2024-01-23 00:00:00,Paid,Clothing,0
INV0178,V001,Hyderabad,4091.85,2024-01-23 03:00:00,Pending,Books,0
INV0179,V005,Delhi,3293.83,2024-01-23 06:00:00,Paid,Furniture,0
INV0180,V001,Hyderabad,6801.6,2024-01-23 09:00:00,Paid,Furniture,0
INV0181,V001,Mumbai,4612.78,2024-01-23 12:00:00,Paid,Books,0
INV0182,V003,Chennai,4699.0,2024-01-23 15:00:00,Paid,Books,0
INV0183,V001,Delhi,6593.83,2024-01-23 18:00:00,Paid,Books,0
INV0184,V002,Mumbai,5667.48,2024-01-23 21:00:00,Paid,Groceries,0
INV0185,V002,Delhi,5547.07,2024-01-24 00:00:00,Pending,Furniture,0
INV0186,V004,Bangalore,7598.0,2024-01-24 03:00:00,Paid,Furniture,0
INV0187,V005,Hyderabad,4227.78,2024-01-24 06:00:00,Paid,Groceries,0
INV0188,V001,Bangalore,6113.41,2024-01-24 09:00:00,Paid,Books,0
INV0189,V001,Mumbai,5068.42,2024-01-24 12:00:00,Paid,Clothing,0
INV0190,V003,Chennai,5322.31,2024-01-24 15:00:00,Paid,Books,0
INV0191,V002,Delhi,6834.16,2024-01-24 18:00:00,Pending,Books,0
INV0192,V005,Hyderabad,5609.4,2024-01-24 21:00:00,Paid,Groceries,0
INV0193,V004,Delhi,5645.96,2024-01-25 00:00:00,Paid,Furniture,0
INV0194,V002,Mumbai,6287.01,2024-01-25 03:00:00,Paid,Books,0
INV0195,V004,Delhi,4562.06,2024-01-25 06:00:00,Paid,Furniture,0
INV0196,V003,Hyderabad,3992.95,2024-01-25 09:00:00,Failed,Electronics,0
INV0197,V003,Mumbai,3746.23,2024-01-25 12:00:00,Paid,Furniture,0
INV0198,V001,Delhi,2640.37,2024-01-25 15:00:00,Paid,Clothing,0
INV0199,V005,Chennai,7467.45,2024-01-25 18:00:00,Paid,Clothing,0
INV0200,V004,Mumbai,3676.15,2024-01-25 21:00:00,Failed,Books,0
INV0201,V002,Mumbai,4734.5,2024-01-26 00:00:00,Paid,Furniture,0
INV0202,V003,Chennai,25536.9687748794,2024-05-01 16:00:00,Pending,Books,1
INV0203,V001,Bangalore,5368.89,2024-01-26 06:00:00,Pending,Groceries,0
INV0204,V001,Hyderabad,5978.88,2024-01-26 09:00:00,Pending,Clothing,0
INV0205,V004,Bangalore,6032.57,2024-01-26 12:00:00,Paid,Books,0
INV0206,V003,Delhi,4300.31,2024-01-26 15:00:00,Paid,Groceries,0
INV0207,V005,Chennai,4799.45,2024-01-26 18:00:00,Paid,Books,0
INV0208,V003,Bangalore,5339.1,2024-01-26 21:00:00,Paid,Furniture,0
INV0209,V004,Mumbai,4701.57,2024-01-27 00:00:00,Paid,Furniture,0
INV0210,V004,Delhi,6928.81,2024-01-27 03:00:00,Paid,Furniture,0
INV0211,V003,Delhi,5589.17,2024-01-27 06:00:00,Paid,Furniture,0
INV0212,V004,Bangalore,5881.85,2024-01-27 09:00:00,Paid,Electronics,0
INV0213,V003,Bangalore,5795.46,2024-01-27 12:00:00,Paid,Groceries,0
INV0214,V002,Chennai,6408.17,2024-01-27 15:00:00,Failed,Groceries,0
INV0215,V003,Hyderabad,5217.23,2024-01-27 18:00:00,Paid,Furniture,0
INV0216,V003,Bangalore,3443.8,2024-01-27 21:00:00,Paid,Electronics,0
INV0217,V004,Bangalore,5479.63,2024-01-28 00:00:00,Paid,Furniture,0
INV0218,V004,Mumbai,4218.37,2024-01-28 03:00:00,Failed,Electronics,0
INV0219,V001,Delhi,4365.66,2024-01-28 06:00:00,Paid,Furniture,0
INV0220,V001,Hyderabad,5703.64,2024-01-28 09:00:00,Paid,Clothing,0
INV0221,V002,Mumbai,6485.94,2024-01-28 12:00:00,Paid,Clothing,0
INV0222,V001,Chennai,5025.53,2024-01-28 15:00:00,Paid,Books,0
INV0223,V003,Chennai,5370.6,2024-01-28 18:00:00,Paid,Furniture,0
INV0224,V004,Bangalore,7042.66,2024-01-28 21:00:00,Paid,Groceries,0
INV0225,V001,Bangalore,5288.9,2024-01-29 00:00:00,Paid,Books,0
INV0226,V001,Chennai,8122.02,2024-01-29 03:00:00,Failed,Clothing,0
INV0227,V002,Bangalore,5678.61,2024-01-29 06:00:00,Paid,Furniture,0
INV0228,V002,Hyderabad,2887.08,2024-01-29 09:00:00,Paid,Books,0
INV0229,V003,Bangalore,5904.01,2024-01-29 12:00:00,Pending,Furniture,0
INV0230,V004,Delhi,5457.39,2024-01-29 15:00:00,Paid,Clothing,0
INV0231,V002,Bangalore,6547.7,2024-01-29 18:00:00,Paid,Books,0
INV0232,V001,Mumbai,5807.82,2024-01-29 21:00:00,Paid,Clothing,0
INV0233,V004,Hyderabad,4833.85,2024-01-30 00:00:00,Paid,Electronics,0
INV0234,V004,Mumbai,3530.84,2024-01-30 03:00:00,Pending,Clothing,0
INV0235,V001,Mumbai,25384.829687055648,2024-05-01 19:00:00,Failed,Furniture,1
INV0236,V002,Delhi,3979.38,2024-01-30 09:00:00,Paid,Groceries,0
INV0237,V001,Hyderabad,4303.37,2024-01-30 12:00:00,Paid,Clothing,0
INV0238,V004,Hyderabad,5706.29,2024-01-30 15:00:00,Pending,Groceries,0
INV0239,V005,Hyderabad,7003.89,2024-01-30 18:00:00,Pending,Electronics,0
INV0240,V005,Hyderabad,5473.61,2024-01-30 21:00:00,Pending,Books,0
INV0241,V003,Hyderabad,3564.94,2024-01-31 00:00:00,Paid,Books,0
INV0242,V001,Delhi,5533.52,2024-01-31 03:00:00,Paid,Groceries,0
INV0243,V001,Bangalore,6435.96,2024-01-31 06:00:00,Pending,Books,0
INV0244,V003,Mumbai,4268.26,2024-01-31 09:00:00,Paid,Clothing,0
INV0245,V003,Hyderabad,4839.18,2024-01-31 12:00:00,Paid,Groceries,0
INV0246,V003,Bangalore,5017.63,2024-01-31 15:00:00,Paid,Furniture,0
INV0247,V004,Bangalore,4058.12,2024-01-31 18:00:00,Paid,Clothing,0
INV0248,V001,Mumbai,5777.94,2024-01-31 21:00:00,Paid,Clothing,0
INV0249,V004,Delhi,4854.86,2024-02-01 00:00:00,Paid,Clothing,0
INV0250,V003,Chennai,5503.44,2024-02-01 03:00:00,Failed,Furniture,0
INV0251,V001,Chennai,3935.01,2024-02-01 06:00:00,Paid,Electronics,0
INV0252,V004,Bangalore,4475.05,2024-02-01 09:00:00,Pending,Books,0
INV0253,V004,Mumbai,5866.86,2024-02-01 12:00:00,Paid,Groceries,0
INV0254,V003,Chennai,4552.6,2024-02-01 15:00:00,Paid,Electronics,0
INV0255,V001,Bangalore,7072.36,2024-02-01 18:00:00,Failed,Groceries,0
INV0256,V003,Delhi,4520.44,2024-02-01 21:00:00,Paid,Books,0
INV0257,V001,Chennai,5269.62,2024-02-02 00:00:00,Paid,Furniture,0
INV0258,V005,Bangalore,6119.11,2024-02-02 03:00:00,Paid,Clothing,0
INV0259,V002,Bangalore,3297.96,2024-02-02 06:00:00,Paid,Clothing,0
INV0260,V002,Hyderabad,2887.03,2024-02-02 09:00:00,Pending,Furniture,0
INV0261,V002,Delhi,3169.21,2024-02-02 12:00:00,Pending,Electronics,0
INV0262,V003,Hyderabad,6515.1,2024-02-02 15:00:00,Paid,Electronics,0
INV0263,V005,Mumbai,4337.77,2024-02-02 18:00:00,Paid,Groceries,0
INV0264,V001,Hyderabad,24083.170983967724,2024-05-01 03:00:00,Pending,Furniture,1
INV0265,V004,Hyderabad,4322.9,2024-02-03 00:00:00,Pending,Electronics,0
INV0266,V001,Chennai,5221.46,2024-02-03 03:00:00,Paid,Furniture,0
INV0267,V004,Bangalore,6850.53,2024-02-03 06:00:00,Paid,Books,0
INV0268,V001,Delhi,7407.31,2024-02-03 09:00:00,Paid,Clothing,0
INV0269,V005,Hyderabad,25130.903605863015,2024-05-01 04:00:00,Failed,Clothing,1
INV0270,V004,Delhi,6450.04,2024-02-03 15:00:00,Paid,Clothing,0
INV0271,V003,Hyderabad,6228.88,2024-02-03 18:00:00,Pending,Furniture,0
INV0272,V001,Mumbai,5711.03,2024-02-03 21:00:00,Paid,Furniture,0
INV0273,V001,Hyderabad,5934.03,2024-02-04 00:00:00,Paid,Groceries,0
INV0274,V004,Chennai,4338.58,2024-02-04 03:00:00,Pending,Clothing,0
INV0275,V003,Bangalore,4018.16,2024-02-04 06:00:00,Pending,Groceries,0
INV0276,V003,Mumbai,4995.95,2024-02-04 09:00:00,Paid,Clothing,0
INV0277,V005,Hyderabad,4795.78,2024-02-04 12:00:00,Paid,Groceries,0
INV0278,V003,Delhi,4456.13,2024-02-04 15:00:00,Paid,Groceries,0
INV0279,V003,Mumbai,5835.66,2024-02-04 18:00:00,Paid,Books,0
INV0280,V003,Mumbai,6146.37,2024-02-04 21:00:00,Paid,Groceries,0
INV0281,V002,Hyderabad,5106.09,2024-02-05 00:00:00,Paid,Furniture,0
INV0282,V005,Mumbai,6773.04,2024-02-05 03:00:00,Paid,Groceries,0
INV0283,V001,Delhi,3629.97,2024-02-05 06:00:00,Pending,Clothing,0
INV0284,V004,Mumbai,4767.61,2024-02-05 09:00:00,Paid,Groceries,0
INV0285,V001,Delhi,4139.81,2024-02-05 12:00:00,Paid,Electronics,0
INV0286,V005,Hyderabad,2760.16,2024-02-05 15:00:00,Paid,Clothing,0
INV0287,V004,Bangalore,4900.78,2024-02-05 18:00:00,Failed,Electronics,0
INV0288,V005,Mumbai,12224.796970149944,2024-05-01 22:00:00,Failed,Clothing,1
INV0289,V003,Bangalore,6816.14,2024-02-06 00:00:00,Pending,Furniture,0
INV0290,V004,Delhi,5756.97,2024-02-06 03:00:00,Pending,Furniture,0
INV0291,V003,Mumbai,3770.98,2024-02-06 06:00:00,Pending,Furniture,0
INV0292,V001,Chennai,7224.91,2024-02-06 09:00:00,Paid,Electronics,0
INV0293,V001,Bangalore,6465.24,2024-02-06 12:00:00,Paid,Books,0
INV0294,V004,Mumbai,5698.52,2024-02-06 15:00:00,Paid,Clothing,0
INV0295,V004,Bangalore,4728.22,2024-02-06 18:00:00,Pending,Furniture,0
INV0296,V005,Mumbai,3848.67,2024-02-06 21:00:00,Pending,Clothing,0
INV0297,V005,Hyderabad,4553.35,2024-02-07 00:00:00,Paid,Electronics,0
INV0298,V003,Bangalore,6306.5,2024-02-07 03:00:00,Paid,Books,0
INV0299,V004,Chennai,7261.5,2024-02-07 06:00:00,Paid,Electronics,0
INV0300,V001,Chennai,6851.89,2024-02-07 09:00:00,Pending,Clothing,0
INV0301,V005,Delhi,4413.38,2024-02-07 12:00:00,Paid,Books,0
INV0302,V005,Mumbai,3656.46,2024-02-07 15:00:00,Paid,Books,0
INV0303,V001,Bangalore,5169.06,2024-02-07 18:00:00,Paid,Electronics,0
INV0304,V005,Delhi,2877.87,2024-02-07 21:00:00,Paid,Furniture,0
INV0305,V003,Bangalore,5387.8,2024-02-08 00:00:00,Pending,Clothing,0
INV0306,V004,Mumbai,4822.88,2024-02-08 03:00:00,Paid,Groceries,0
INV0307,V001,Chennai,4440.76,2024-02-08 06:00:00,Pending,Groceries,0
INV0308,V004,Hyderabad,3086.36,2024-02-08 09:00:00,Paid,Electronics,0
INV0309,V005,Chennai,5616.32,2024-02-08 12:00:00,Paid,Clothing,0
INV0310,V005,Delhi,4360.76,2024-02-08 15:00:00,Paid,Clothing,0
INV0311,V001,Hyderabad,3596.1,2024-02-08 18:00:00,Pending,Electronics,0
INV0312,V003,Delhi,1553.29,2024-02-08 21:00:00,Paid,Clothing,0
INV0313,V002,Mumbai,4966.98,2024-02-09 00:00:00,Paid,Furniture,0
INV0314,V001,Hyderabad,7126.7,2024-02-09 03:00:00,Paid,Electronics,0
INV0315,V002,Delhi,6993.51,2024-02-09 06:00:00,Pending,Furniture,0
INV0316,V002,Mumbai,4451.48,2024-02-09 09:00:00,Paid,Clothing,0
INV0317,V003,Chennai,4277.35,2024-02-09 12:00:00,Pending,Electronics,0
INV0318,V002,Mumbai,5562.53,2024-02-09 15:00:00,Paid,Clothing,0
INV0319,V002,Bangalore,3801.94,2024-02-09 18:00:00,Paid,Electronics,0
INV0320,V003,Mumbai,5362.15,2024-02-09 21:00:00,Paid,Clothing,0
INV0321,V002,Mumbai,5919.3,2024-02-10 00:00:00,Paid,Furniture,0
INV0322,V002,Bangalore,6472.32,2024-02-10 03:00:00,Paid,Furniture,0
INV0323,V002,Delhi,4879.82,2024-02-10 06:00:00,Paid,Clothing,0
INV0324,V001,Delhi,4755.59,2024-02-10 09:00:00,Paid,Electronics,0
INV0325,V001,Mumbai,3946.42,2024-02-10 12:00:00,Pending,Groceries,0
INV0326,V001,Bangalore,4007.74,2024-02-10 15:00:00,Paid,Furniture,0
INV0327,V003,Bangalore,4728.23,2024-02-10 18:00:00,Pending,Furniture,0
INV0328,V005,Chennai,5440.84,2024-02-10 21:00:00,Paid,Groceries,0
INV0329,V002,Delhi,6096.3,2024-02-11 00:00:00,Paid,Clothing,0
INV0330,V002,Hyderabad,4036.19,2024-02-11 03:00:00,Paid,Electronics,0
INV0331,V003,Delhi,6791.23,2024-02-11 06:00:00,Paid,Clothing,0
INV0332,V002,Delhi,4674.65,2024-02-11 09:00:00,Paid,Books,0
INV0333,V001,Chennai,4974.36,2024-02-11 12:00:00,Paid,Furniture,0
INV0334,V005,Hyderabad,4103.35,2024-02-11 15:00:00,Paid,Books,0
INV0335,V004,Chennai,2090.91,2024-02-11 18:00:00,Paid,Furniture,0
INV0336,V002,Hyderabad,6060.85,2024-02-11 21:00:00,Pending,Furniture,0
INV0337,V001,Mumbai,5884.21,2024-02-12 00:00:00,Pending,Books,0
INV0338,V004,Hyderabad,4662.41,2024-02-12 03:00:00,Paid,Books,0
INV0339,V005,Chennai,5080.39,2024-02-12 06:00:00,Paid,Clothing,0
INV0340,V004,Delhi,5619.13,2024-02-12 09:00:00,Paid,Books,0
INV0341,V001,Hyderabad,3124.94,2024-02-12 12:00:00,Paid,Clothing,0
INV0342,V004,Hyderabad,4365.14,2024-02-12 15:00:00,Paid,Clothing,0
INV0343,V003,Bangalore,5953.12,2024-02-12 18:00:00,Paid,Clothing,0
INV0344,V004,Delhi,3494.85,2024-02-12 21:00:00,Paid,Furniture,0
INV0345,V002,Mumbai,5352.27,2024-02-13 00:00:00,Paid,Furniture,0
INV0346,V002,Chennai,16631.368202606183,2024-05-02 23:00:00,Failed,Books,1
INV0347,V003,Mumbai,5559.72,2024-02-13 06:00:00,Pending,Furniture,0
INV0348,V001,Delhi,4957.23,2024-02-13 09:00:00,Pending,Books,0
INV0349,V002,Hyderabad,3061.84,2024-02-13 12:00:00,Paid,Furniture,0
INV0350,V005,Hyderabad,6397.69,2024-02-13 15:00:00,Pending,Electronics,0
INV0351,V002,Delhi,4118.49,2024-02-13 18:00:00,Failed,Electronics,0
INV0352,V002,Hyderabad,4027.7,2024-02-13 21:00:00,Paid,Books,0
INV0353,V001,Hyderabad,5240.68,2024-02-14 00:00:00,Paid,Furniture,0
INV0354,V004,Hyderabad,6378.36,2024-02-14 03:00:00,Paid,Furniture,0
INV0355,V002,Chennai,3781.01,2024-02-14 06:00:00,Pending,Clothing,0
INV0356,V003,Chennai,5074.02,2024-02-14 09:00:00,Pending,Groceries,0
INV0357,V004,Bangalore,5514.58,2024-02-14 12:00:00,Paid,Books,0
INV0358,V005,Mumbai,5831.73,2024-02-14 15:00:00,Paid,Groceries,0
INV0359,V001,Delhi,5211.73,2024-02-14 18:00:00,Paid,Groceries,0
INV0360,V005,Delhi,4559.57,2024-02-14 21:00:00,Paid,Books,0
INV0361,V004,Delhi,4006.89,2024-02-15 00:00:00,Paid,Furniture,0
INV0362,V004,Bangalore,5103.37,2024-02-15 03:00:00,Pending,Books,0
INV0363,V004,Chennai,3713.43,2024-02-15 06:00:00,Paid,Groceries,0
INV0364,V005,Bangalore,1494.38,2024-02-15 09:00:00,Pending,Furniture,0
INV0365,V004,Delhi,5523.87,2024-02-15 12:00:00,Pending,Electronics,0
INV0366,V005,Mumbai,6084.72,2024-02-15 15:00:00,Pending,Books,0
INV0367,V004,Hyderabad,2164.48,2024-02-15 18:00:00,Paid,Books,0
INV0368,V003,Chennai,3788.32,2024-02-15 21:00:00,Paid,Furniture,0
INV0369,V004,Chennai,5742.99,2024-02-16 00:00:00,Paid,Electronics,0
INV0370,V005,Bangalore,7468.99,2024-02-16 03:00:00,Paid,Electronics,0
INV0371,V002,Chennai,5024.95,2024-02-16 06:00:00,Paid,Furniture,0
INV0372,V004,Delhi,4126.4,2024-02-16 09:00:00,Paid,Clothing,0
INV0373,V002,Delhi,4780.52,2024-02-16 12:00:00,Paid,Books,0
INV0374,V003,Bangalore,27472.932350133677,2024-05-01 14:00:00,Pending,Books,1
INV0375,V001,Delhi,21377.48574874938,2024-05-02 14:00:00,Failed,Groceries,1
INV0376,V003,Mumbai,4040.97,2024-02-16 21:00:00,Paid,Furniture,0
INV0377,V004,Bangalore,4420.71,2024-02-17 00:00:00,Pending,Groceries,0
INV0378,V002,Mumbai,3856.01,2024-02-17 03:00:00,Pending,Groceries,0
INV0379,V002,Hyderabad,5147.2,2024-02-17 06:00:00,Paid,Electronics,0
INV0380,V005,Mumbai,6949.61,2024-02-17 09:00:00,Paid,Books,0
INV0381,V002,Hyderabad,5387.7,2024-02-17 12:00:00,Paid,Groceries,0
INV0382,V005,Hyderabad,4697.18,2024-02-17 15:00:00,Paid,Electronics,0
INV0383,V001,Mumbai,4649.83,2024-02-17 18:00:00,Paid,Furniture,0
INV0384,V004,Bangalore,3124.17,2024-02-17 21:00:00,Pending,Groceries,0
INV0385,V005,Delhi,6059.73,2024-02-18 00:00:00,Paid,Books,0
INV0386,V001,Delhi,4906.6,2024-02-18 03:00:00,Paid,Groceries,0
INV0387,V002,Hyderabad,4783.42,2024-02-18 06:00:00,Paid,Furniture,0
INV0388,V002,Hyderabad,8831.73,2024-02-18 09:00:00,Paid,Groceries,0
INV0389,V001,Bangalore,5358.5,2024-02-18 12:00:00,Paid,Books,0
INV0390,V002,Chennai,4097.85,2024-02-18 15:00:00,Paid,Electronics,0
INV0391,V001,Mumbai,4488.37,2024-02-18 18:00:00,Paid,Books,0
INV0392,V005,Hyderabad,6378.13,2024-02-18 21:00:00,Paid,Electronics,0
INV0393,V005,Delhi,5135.92,2024-02-19 00:00:00,Paid,Clothing,0
INV0394,V001,Bangalore,3274.07,2024-02-19 03:00:00,Paid,Books,0
INV0395,V005,Mumbai,6103.07,2024-02-19 06:00:00,Paid,Books,0
INV0396,V005,Bangalore,4198.23,2024-02-19 09:00:00,Failed,Furniture,0
INV0397,V005,Mumbai,7247.96,2024-02-19 12:00:00,Paid,Groceries,0
INV0398,V003,Mumbai,6296.06,2024-02-19 15:00:00,Paid,Electronics,0
INV0399,V004,Hyderabad,4463.21,2024-02-19 18:00:00,Paid,Electronics,0
INV0400,V002,Bangalore,6537.22,2024-02-19 21:00:00,Paid,Furniture,0
INV0401,V003,Bangalore,5081.43,2024-02-20 00:00:00,Paid,Furniture,0
INV0402,V005,Delhi,6023.33,2024-02-20 03:00:00,Paid,Groceries,0
INV0403,V001,Delhi,5581.68,2024-02-20 06:00:00,Pending,Groceries,0
INV0404,V005,Hyderabad,3984.37,2024-02-20 09:00:00,Paid,Books,0
INV0405,V004,Hyderabad,4227.74,2024-02-20 12:00:00,Paid,Clothing,0
INV0406,V005,Chennai,6235.95,2024-02-20 15:00:00,Paid,Groceries,0
INV0407,V001,Delhi,4598.27,2024-02-20 18:00:00,Pending,Furniture,0
INV0408,V004,Mumbai,4515.62,2024-02-20 21:00:00,Paid,Groceries,0
INV0409,V005,Bangalore,3853.85,2024-02-21 00:00:00,Paid,Electronics,0
INV0410,V004,Hyderabad,5508.32,2024-02-21 03:00:00,Paid,Clothing,0
INV0411,V002,Bangalore,7475.03,2024-02-21 06:00:00,Paid,Books,0
INV0412,V002,Bangalore,3718.96,2024-02-21 09:00:00,Paid,Electronics,0
INV0413,V005,Chennai,5029.06,2024-02-21 12:00:00,Paid,Electronics,0
INV0414,V004,Delhi,6694.66,2024-02-21 15:00:00,Paid,Clothing,0
INV0415,V001,Hyderabad,4904.43,2024-02-21 18:00:00,Paid,Books,0
INV0416,V005,Bangalore,28982.377440857894,2024-05-02 06:00:00,Failed,Furniture,1
INV0417,V002,Hyderabad,3725.13,2024-02-22 00:00:00,Paid,Books,0
INV0418,V002,Mumbai,5513.97,2024-02-22 03:00:00,Pending,Groceries,0
INV0419,V005,Chennai,4775.43,2024-02-22 06:00:00,Paid,Electronics,0
INV0420,V004,Mumbai,33385.54453103153,2024-05-01 01:00:00,Failed,Groceries,1
INV0421,V002,Hyderabad,6424.86,2024-02-22 12:00:00,Paid,Furniture,0
INV0422,V004,Hyderabad,8107.48,2024-02-22 15:00:00,Paid,Groceries,0
INV0423,V002,Delhi,5695.56,2024-02-22 18:00:00,Pending,Books,0
INV0424,V002,Bangalore,5390.96,2024-02-22 21:00:00,Paid,Groceries,0
INV0425,V003,Bangalore,5233.26,2024-02-23 00:00:00,Paid,Furniture,0
INV0426,V002,Mumbai,4576.2,2024-02-23 03:00:00,Paid,Furniture,0
INV0427,V001,Chennai,5406.18,2024-02-23 06:00:00,Paid,Furniture,0
INV0428,V005,Bangalore,4645.52,2024-02-23 09:00:00,Paid,Books,0
INV0429,V005,Delhi,5202.15,2024-02-23 12:00:00,Paid,Furniture,0
INV0430,V004,Mumbai,6581.12,2024-02-23 15:00:00,Paid,Electronics,0
INV0431,V002,Mumbai,3792.15,2024-02-23 18:00:00,Pending,Furniture,0
INV0432,V001,Delhi,6367.85,2024-02-23 21:00:00,Paid,Groceries,0
INV0433,V004,Chennai,6580.54,2024-02-24 00:00:00,Pending,Groceries,0
INV0434,V003,Delhi,4858.32,2024-02-24 03:00:00,Pending,Groceries,0
INV0435,V004,Chennai,2453.77,2024-02-24 06:00:00,Pending,Books,0
INV0436,V004,Delhi,4270.61,2024-02-24 09:00:00,Paid,Groceries,0
INV0437,V002,Delhi,6556.39,2024-02-24 12:00:00,Paid,Books,0
INV0438,V003,Hyderabad,4972.56,2024-02-24 15:00:00,Pending,Books,0
INV0439,V004,Mumbai,3800.84,2024-02-24 18:00:00,Paid,Furniture,0
INV0440,V001,Delhi,4394.27,2024-02-24 21:00:00,Paid,Electronics,0
INV0441,V001,Delhi,6008.74,2024-02-25 00:00:00,Pending,Furniture,0
INV0442,V005,Bangalore,5656.08,2024-02-25 03:00:00,Pending,Furniture,0
INV0443,V003,Mumbai,4713.28,2024-02-25 06:00:00,Paid,Books,0
INV0444,V003,Bangalore,4559.81,2024-02-25 09:00:00,Paid,Books,0
INV0445,V005,Mumbai,4529.89,2024-02-25 12:00:00,Paid,Groceries,0
INV0446,V004,Bangalore,3893.11,2024-02-25 15:00:00,Pending,Groceries,0
INV0447,V003,Delhi,6938.45,2024-02-25 18:00:00,Pending,Furniture,0
INV0448,V001,Delhi,4613.22,2024-02-25 21:00:00,Paid,Clothing,0
INV0449,V001,Hyderabad,6460.59,2024-02-26 00:00:00,Paid,Clothing,0
INV0450,V002,Bangalore,6825.58,2024-02-26 03:00:00,Pending,Groceries,0
INV0451,V003,Chennai,24497.594784473506,2024-05-02 13:00:00,Failed,Clothing,1
INV0452,V004,Hyderabad,4482.06,2024-02-26 09:00:00,Paid,Groceries,0
INV0453,V005,Bangalore,5484.48,2024-02-26 12:00:00,Failed,Books,0
INV0454,V005,Bangalore,4970.97,2024-02-26 15:00:00,Paid,Furniture,0
INV0455,V004,Hyderabad,3915.56,2024-02-26 18:00:00,Paid,Electronics,0
INV0456,V002,Delhi,5389.23,2024-02-26 21:00:00,Paid,Furniture,0
INV0457,V005,Bangalore,3585.15,2024-02-27 00:00:00,Paid,Groceries,0
INV0458,V003,Delhi,6425.22,2024-02-27 03:00:00,Pending,Groceries,0
INV0459,V002,Hyderabad,4442.46,2024-02-27 06:00:00,Paid,Furniture,0
INV0460,V003,Delhi,5241.39,2024-02-27 09:00:00,Failed,Groceries,0
INV0461,V001,Mumbai,5339.95,2024-02-27 12:00:00,Paid,Clothing,0
INV0462,V002,Chennai,4689.31,2024-02-27 15:00:00,Paid,Clothing,0
INV0463,V005,Bangalore,5704.03,2024-02-27 18:00:00,Paid,Groceries,0
INV0464,V002,Chennai,4430.12,2024-02-27 21:00:00,Paid,Groceries,0
INV0465,V002,Delhi,28410.995166946133,2024-05-01 11:00:00,Failed,Clothing,1
INV0466,V002,Bangalore,3384.82,2024-02-28 03:00:00,Paid,Groceries,0
INV0467,V002,Delhi,5151.66,2024-02-28 06:00:00,Paid,Groceries,0
INV0468,V003,Mumbai,7326.71,2024-02-28 09:00:00,Paid,Furniture,0
INV0469,V001,Hyderabad,3799.6,2024-02-28 12:00:00,Pending,Electronics,0
INV0470,V004,Bangalore,4186.71,2024-02-28 15:00:00,Paid,Clothing,0
INV0471,V002,Mumbai,5616.69,2024-02-28 18:00:00,Pending,Furniture,0
INV0472,V005,Mumbai,5215.5,2024-02-28 21:00:00,Paid,Electronics,0
INV0473,V002,Bangalore,5420.76,2024-02-29 00:00:00,Paid,Groceries,0
INV0474,V005,Delhi,5587.02,2024-02-29 03:00:00,Paid,Groceries,0
INV0475,V003,Mumbai,5761.67,2024-02-29 06:00:00,Paid,Furniture,0
INV0476,V005,Chennai,6331.64,2024-02-29 09:00:00,Paid,Groceries,0
INV0477,V004,Mumbai,5491.78,2024-02-29 12:00:00,Pending,Books,0
INV0478,V001,Delhi,4710.49,2024-02-29 15:00:00,Pending,Furniture,0
INV0479,V005,Delhi,5807.09,2024-02-29 18:00:00,Paid,Electronics,0
INV0480,V005,Chennai,7279.86,2024-02-29 21:00:00,Paid,Furniture,0
INV0481,V001,Mumbai,4840.84,2024-03-01 00:00:00,Pending,Clothing,0
INV0482,V004,Delhi,3830.56,2024-03-01 03:00:00,Paid,Furniture,0
INV0483,V002,Bangalore,6328.5,2024-03-01 06:00:00,Pending,Groceries,0
INV0484,V005,Hyderabad,4855.54,2024-03-01 09:00:00,Pending,Groceries,0
INV0485,V001,Hyderabad,2392.8,2024-03-01 12:00:00,Pending,Books,0
INV0486,V003,Hyderabad,6016.91,2024-03-01 15:00:00,Paid,Books,0
INV0487,V001,Mumbai,4357.61,2024-03-01 18:00:00,Paid,Books,0
INV0488,V003,Chennai,4891.36,2024-03-01 21:00:00,Paid,Electronics,0
INV0489,V004,Delhi,5398.38,2024-03-02 00:00:00,Paid,Books,0
INV0490,V002,Bangalore,17163.129102312138,2024-05-02 12:00:00,Failed,Electronics,1
INV0491,V001,Bangalore,5851.34,2024-03-02 06:00:00,Paid,Books,0
INV0492,V005,Mumbai,4477.42,2024-03-02 09:00:00,Paid,Electronics,0
INV0493,V004,Hyderabad,5615.73,2024-03-02 12:00:00,Pending,Furniture,0
INV0494,V001,Mumbai,4688.54,2024-03-02 15:00:00,Pending,Furniture,0
INV0495,V005,Chennai,5886.57,2024-03-02 18:00:00,Pending,Groceries,0
INV0496,V001,Chennai,5738.44,2024-03-02 21:00:00,Pending,Electronics,0
INV0497,V003,Delhi,18675.66396755875,2024-05-02 16:00:00,Failed,Clothing,1
INV0498,V001,Delhi,6303.18,2024-03-03 03:00:00,Paid,Groceries,0
INV0499,V001,Chennai,4356.84,2024-03-03 06:00:00,Pending,Furniture,0
INV0500,V001,Chennai,5969.67,2024-03-03 09:00:00,Paid,Electronics,0
INV0501,V004,Chennai,5440.74,2024-03-03 12:00:00,Paid,Books,0
INV0502,V001,Mumbai,7205.82,2024-03-03 15:00:00,Paid,Clothing,0
INV0503,V005,Chennai,4731.84,2024-03-03 18:00:00,Paid,Furniture,0
INV0504,V003,Bangalore,4580.82,2024-03-03 21:00:00,Pending,Groceries,0
INV0505,V003,Hyderabad,4976.7,2024-03-04 00:00:00,Paid,Electronics,0
INV0506,V001,Chennai,4636.18,2024-03-04 03:00:00,Paid,Clothing,0
INV0507,V004,Hyderabad,22620.445181037085,2024-05-01 05:00:00,Failed,Electronics,1
INV0508,V004,Mumbai,14031.797333526874,2024-05-02 05:00:00,Pending,Books,1
INV0509,V005,Hyderabad,3735.58,2024-03-04 12:00:00,Paid,Groceries,0
INV0510,V001,Mumbai,3718.64,2024-03-04 15:00:00,Paid,Electronics,0
INV0511,V003,Bangalore,6140.37,2024-03-04 18:00:00,Pending,Furniture,0
INV0512,V004,Mumbai,7052.74,2024-03-04 21:00:00,Paid,Groceries,0
INV0513,V001,Mumbai,4874.66,2024-03-05 00:00:00,Paid,Furniture,0
INV0514,V004,Delhi,4797.41,2024-03-05 03:00:00,Paid,Electronics,0
INV0515,V004,Chennai,5084.06,2024-03-05 06:00:00,Paid,Groceries,0
INV0516,V003,Chennai,6394.25,2024-03-05 09:00:00,Paid,Furniture,0
INV0517,V002,Bangalore,3887.18,2024-03-05 12:00:00,Pending,Books,0
INV0518,V005,Bangalore,5286.04,2024-03-05 15:00:00,Paid,Books,0
INV0519,V005,Chennai,6170.24,2024-03-05 18:00:00,Pending,Electronics,0
INV0520,V003,Delhi,5601.31,2024-03-05 21:00:00,Paid,Groceries,0
INV0521,V004,Chennai,5227.5,2024-03-06 00:00:00,Paid,Clothing,0
INV0522,V001,Delhi,6201.26,2024-03-06 03:00:00,Paid,Groceries,0
INV0523,V004,Bangalore,1756.12,2024-03-06 06:00:00,Pending,Books,0
INV0524,V003,Hyderabad,5813.45,2024-03-06 09:00:00,Paid,Furniture,0
INV0525,V005,Bangalore,16839.360592679965,2024-05-01 17:00:00,Failed,Clothing,1
INV0526,V004,Bangalore,2803.24,2024-03-06 15:00:00,Paid,Electronics,0
INV0527,V005,Mumbai,5613.44,2024-03-06 18:00:00,Paid,Clothing,0
INV0528,V001,Mumbai,6648.39,2024-03-06 21:00:00,Paid,Electronics,0
INV0529,V005,Mumbai,4835.06,2024-03-07 00:00:00,Paid,Clothing,0
INV0530,V005,Mumbai,6143.45,2024-03-07 03:00:00,Paid,Electronics,0
INV0531,V002,Delhi,6934.73,2024-03-07 06:00:00,Paid,Electronics,0
INV0532,V002,Chennai,6577.9,2024-03-07 09:00:00,Paid,Clothing,0
INV0533,V002,Hyderabad,6967.96,2024-03-07 12:00:00,Pending,Clothing,0
INV0534,V005,Bangalore,5890.55,2024-03-07 15:00:00,Pending,Electronics,0
INV0535,V003,Delhi,5090.52,2024-03-07 18:00:00,Pending,Books,0
INV0536,V005,Hyderabad,3077.64,2024-03-07 21:00:00,Paid,Clothing,0
INV0537,V003,Delhi,4704.73,2024-03-08 00:00:00,Paid,Groceries,0
INV0538,V003,Delhi,3988.1,2024-03-08 03:00:00,Paid,Furniture,0
INV0539,V002,Bangalore,7605.13,2024-03-08 06:00:00,Paid,Electronics,0
INV0540,V004,Chennai,4788.94,2024-03-08 09:00:00,Paid,Electronics,0
INV0541,V001,Mumbai,5147.85,2024-03-08 12:00:00,Paid,Furniture,0
INV0542,V002,Chennai,5661.78,2024-03-08 15:00:00,Paid,Books,0
INV0543,V002,Bangalore,5052.32,2024-03-08 18:00:00,Paid,Furniture,0
INV0544,V004,Bangalore,7034.06,2024-03-08 21:00:00,Pending,Clothing,0
INV0545,V001,Bangalore,4252.82,2024-03-09 00:00:00,Paid,Furniture,0
INV0546,V005,Hyderabad,5233.53,2024-03-09 03:00:00,Paid,Electronics,0
INV0547,V005,Chennai,4109.04,2024-03-09 06:00:00,Paid,Furniture,0
INV0548,V002,Chennai,3415.97,2024-03-09 09:00:00,Paid,Groceries,0
INV0549,V001,Delhi,4265.88,2024-03-09 12:00:00,Paid,Clothing,0
INV0550,V002,Delhi,4955.56,2024-03-09 15:00:00,Pending,Furniture,0
INV0551,V003,Delhi,4484.84,2024-03-09 18:00:00,Pending,Electronics,0
INV0552,V002,Bangalore,4169.09,2024-03-09 21:00:00,Paid,Clothing,0
INV0553,V002,Chennai,3312.42,2024-03-10 00:00:00,Pending,Electronics,0
INV0554,V005,Bangalore,4900.27,2024-03-10 03:00:00,Failed,Books,0
INV0555,V005,Hyderabad,3194.34,2024-03-10 06:00:00,Pending,Groceries,0
INV0556,V005,Delhi,5912.07,2024-03-10 09:00:00,Pending,Books,0
INV0557,V003,Bangalore,5098.93,2024-03-10 12:00:00,Paid,Groceries,0
INV0558,V005,Bangalore,3250.94,2024-03-10 15:00:00,Paid,Furniture,0
INV0559,V001,Hyderabad,4628.95,2024-03-10 18:00:00,Paid,Clothing,0
INV0560,V004,Mumbai,4097.41,2024-03-10 21:00:00,Paid,Furniture,0
INV0561,V001,Chennai,5383.01,2024-03-11 00:00:00,Failed,Groceries,0
INV0562,V001,Mumbai,6608.54,2024-03-11 03:00:00,Paid,Groceries,0
INV0563,V005,Delhi,2749.79,2024-03-11 06:00:00,Pending,Groceries,0
INV0564,V004,Bangalore,15452.551656257509,2024-05-02 13:00:00,Failed,Electronics,1
INV0565,V004,Hyderabad,4807.84,2024-03-11 12:00:00,Pending,Clothing,0
INV0566,V004,Hyderabad,5805.61,2024-03-11 15:00:00,Failed,Furniture,0
INV0567,V003,Chennai,5255.84,2024-03-11 18:00:00,Paid,Furniture,0
INV0568,V005,Mumbai,4097.64,2024-03-11 21:00:00,Paid,Books,0
INV0569,V004,Chennai,4617.14,2024-03-12 00:00:00,Paid,Groceries,0
INV0570,V003,Bangalore,4044.77,2024-03-12 03:00:00,Paid,Groceries,0
INV0571,V002,Chennai,6291.21,2024-03-12 06:00:00,Paid,Groceries,0
INV0572,V002,Hyderabad,5025.57,2024-03-12 09:00:00,Paid,Furniture,0
INV0573,V003,Hyderabad,7281.43,2024-03-12 12:00:00,Pending,Books,0
INV0574,V003,Delhi,4927.21,2024-03-12 15:00:00,Paid,Electronics,0
INV0575,V005,Delhi,4149.91,2024-03-12 18:00:00,Paid,Clothing,0
INV0576,V005,Bangalore,3183.54,2024-03-12 21:00:00,Paid,Electronics,0
INV0577,V002,Mumbai,2836.23,2024-03-13 00:00:00,Paid,Furniture,0
INV0578,V004,Chennai,3099.04,2024-03-13 03:00:00,Paid,Groceries,0
INV0579,V002,Bangalore,5320.55,2024-03-13 06:00:00,Pending,Clothing,0
INV0580,V004,Delhi,5610.47,2024-03-13 09:00:00,Paid,Furniture,0
INV0581,V004,Chennai,3102.57,2024-03-13 12:00:00,Pending,Furniture,0
INV0582,V005,Delhi,6074.05,2024-03-13 15:00:00,Paid,Furniture,0
INV0583,V001,Chennai,4420.33,2024-03-13 18:00:00,Pending,Clothing,0
INV0584,V001,Mumbai,5176.15,2024-03-13 21:00:00,Paid,Clothing,0
INV0585,V003,Bangalore,6934.66,2024-03-14 00:00:00,Paid,Books,0
INV0586,V005,Chennai,6076.21,2024-03-14 03:00:00,Paid,Books,0
INV0587,V004,Hyderabad,4677.76,2024-03-14 06:00:00,Pending,Electronics,0
INV0588,V001,Hyderabad,3930.57,2024-03-14 09:00:00,Paid,Clothing,0
INV0589,V004,Chennai,2417.82,2024-03-14 12:00:00,Paid,Clothing,0
INV0590,V001,Chennai,4137.02,2024-03-14 15:00:00,Failed,Clothing,0
INV0591,V001,Chennai,4746.64,2024-03-14 18:00:00,Pending,Books,0
INV0592,V001,Hyderabad,3815.38,2024-03-14 21:00:00,Paid,Furniture,0
INV0593,V005,Hyderabad,4842.49,2024-03-15 00:00:00,Pending,Groceries,0
INV0594,V002,Chennai,5092.22,2024-03-15 03:00:00,Paid,Books,0
INV0595,V004,Delhi,4730.17,2024-03-15 06:00:00,Paid,Clothing,0
INV0596,V005,Delhi,4220.0,2024-03-15 09:00:00,Paid,Books,0
INV0597,V005,Mumbai,5202.39,2024-03-15 12:00:00,Pending,Electronics,0
INV0598,V005,Bangalore,5530.33,2024-03-15 15:00:00,Pending,Clothing,0
INV0599,V005,Delhi,3691.52,2024-03-15 18:00:00,Paid,Electronics,0
INV0600,V005,Hyderabad,28195.18169395831,2024-05-01 21:00:00,Failed,Clothing,1
INV0601,V003,Delhi,4881.69,2024-03-16 00:00:00,Paid,Books,0
INV0602,V004,Mumbai,5022.62,2024-03-16 03:00:00,Failed,Furniture,0
INV0603,V005,Mumbai,5849.86,2024-03-16 06:00:00,Failed,Groceries,0
INV0604,V004,Bangalore,5279.86,2024-03-16 09:00:00,Paid,Electronics,0
INV0605,V003,Delhi,6143.76,2024-03-16 12:00:00,Pending,Books,0
INV0606,V003,Hyderabad,29321.615140717236,2024-05-02 17:00:00,Failed,Furniture,1
INV0607,V004,Hyderabad,4265.08,2024-03-16 18:00:00,Paid,Books,0
INV0608,V001,Chennai,5433.8,2024-03-16 21:00:00,Paid,Electronics,0
INV0609,V002,Hyderabad,3627.53,2024-03-17 00:00:00,Paid,Groceries,0
INV0610,V001,Bangalore,5130.27,2024-03-17 03:00:00,Paid,Books,0
INV0611,V001,Bangalore,4960.12,2024-03-17 06:00:00,Paid,Clothing,0
INV0612,V001,Hyderabad,4750.26,2024-03-17 09:00:00,Paid,Furniture,0
INV0613,V005,Hyderabad,4845.75,2024-03-17 12:00:00,Pending,Books,0
INV0614,V003,Chennai,2741.78,2024-03-17 15:00:00,Paid,Furniture,0
INV0615,V001,Hyderabad,4341.53,2024-03-17 18:00:00,Paid,Clothing,0
INV0616,V003,Chennai,5111.41,2024-03-17 21:00:00,Paid,Groceries,0
INV0617,V004,Chennai,5191.83,2024-03-18 00:00:00,Paid,Groceries,0
INV0618,V002,Hyderabad,3766.79,2024-03-18 03:00:00,Paid,Clothing,0
INV0619,V004,Mumbai,6518.85,2024-03-18 06:00:00,Paid,Furniture,0
INV0620,V004,Mumbai,3960.59,2024-03-18 09:00:00,Paid,Books,0
INV0621,V005,Chennai,6163.35,2024-03-18 12:00:00,Paid,Clothing,0
INV0622,V002,Hyderabad,5512.63,2024-03-18 15:00:00,Paid,Electronics,0
INV0623,V004,Mumbai,4224.53,2024-03-18 18:00:00,Paid,Furniture,0
INV0624,V004,Hyderabad,7130.37,2024-03-18 21:00:00,Pending,Groceries,0
INV0625,V002,Hyderabad,3567.64,2024-03-19 00:00:00,Paid,Clothing,0
INV0626,V002,Hyderabad,6102.99,2024-03-19 03:00:00,Paid,Groceries,0
INV0627,V004,Delhi,6200.7,2024-03-19 06:00:00,Pending,Furniture,0
INV0628,V002,Hyderabad,4195.26,2024-03-19 09:00:00,Paid,Groceries,0
INV0629,V004,Delhi,6670.96,2024-03-19 12:00:00,Paid,Clothing,0
INV0630,V004,Chennai,4699.94,2024-03-19 15:00:00,Pending,Furniture,0
INV0631,V005,Mumbai,5346.43,2024-03-19 18:00:00,Paid,Electronics,0
INV0632,V001,Mumbai,22468.576652453576,2024-05-02 09:00:00,Failed,Clothing,1
INV0633,V004,Mumbai,4838.83,2024-03-20 00:00:00,Pending,Books,0
INV0634,V003,Mumbai,5972.97,2024-03-20 03:00:00,Pending,Clothing,0
INV0635,V001,Mumbai,5952.19,2024-03-20 06:00:00,Failed,Furniture,0
INV0636,V001,Mumbai,2901.76,2024-03-20 09:00:00,Paid,Clothing,0
INV0637,V001,Mumbai,6565.21,2024-03-20 12:00:00,Paid,Electronics,0
INV0638,V005,Chennai,3005.01,2024-03-20 15:00:00,Paid,Electronics,0
INV0639,V004,Hyderabad,6239.06,2024-03-20 18:00:00,Paid,Books,0
INV0640,V005,Bangalore,6352.05,2024-03-20 21:00:00,Paid,Groceries,0
INV0641,V004,Delhi,3690.84,2024-03-21 00:00:00,Paid,Furniture,0
INV0642,V005,Bangalore,4507.02,2024-03-21 03:00:00,Pending,Furniture,0
INV0643,V005,Bangalore,3673.15,2024-03-21 06:00:00,Paid,Groceries,0
INV0644,V003,Hyderabad,4742.09,2024-03-21 09:00:00,Paid,Electronics,0
INV0645,V005,Hyderabad,4630.36,2024-03-21 12:00:00,Paid,Electronics,0
INV0646,V002,Hyderabad,5935.59,2024-03-21 15:00:00,Paid,Clothing,0
INV0647,V003,Mumbai,6572.37,2024-03-21 18:00:00,Paid,Books,0
INV0648,V005,Chennai,6674.82,2024-03-21 21:00:00,Paid,Books,0
INV0649,V001,Mumbai,4325.4,2024-03-22 00:00:00,Paid,Books,0
INV0650,V002,Chennai,4748.93,2024-03-22 03:00:00,Paid,Clothing,0
INV0651,V002,Chennai,2979.87,2024-03-22 06:00:00,Pending,Books,0
INV0652,V002,Bangalore,4032.96,2024-03-22 09:00:00,Pending,Groceries,0
INV0653,V003,Bangalore,6157.82,2024-03-22 12:00:00,Paid,Clothing,0
INV0654,V005,Chennai,6938.7,2024-03-22 15:00:00,Paid,Groceries,0
INV0655,V005,Chennai,3518.78,2024-03-22 18:00:00,Pending,Clothing,0
INV0656,V001,Mumbai,4289.04,2024-03-22 21:00:00,Pending,Books,0
INV0657,V001,Mumbai,4968.31,2024-03-23 00:00:00,Paid,Groceries,0
INV0658,V002,Bangalore,5336.19,2024-03-23 03:00:00,Pending,Groceries,0
INV0659,V001,Hyderabad,4028.48,2024-03-23 06:00:00,Paid,Groceries,0
INV0660,V003,Chennai,5508.87,2024-03-23 09:00:00,Pending,Clothing,0
INV0661,V005,Mumbai,4431.39,2024-03-23 12:00:00,Failed,Furniture,0
INV0662,V002,Bangalore,4982.66,2024-03-23 15:00:00,Paid,Books,0
INV0663,V001,Mumbai,5655.54,2024-03-23 18:00:00,Pending,Groceries,0
INV0664,V003,Chennai,20594.810458127595,2024-05-01 23:00:00,Failed,Furniture,1
INV0665,V003,Chennai,22068.070748500228,2024-05-01 14:00:00,Pending,Books,1
INV0666,V001,Delhi,4868.47,2024-03-24 03:00:00,Paid,Books,0
INV0667,V005,Hyderabad,4893.96,2024-03-24 06:00:00,Pending,Groceries,0
INV0668,V001,Delhi,4555.99,2024-03-24 09:00:00,Paid,Groceries,0
INV0669,V002,Bangalore,4689.44,2024-03-24 12:00:00,Paid,Clothing,0
INV0670,V001,Mumbai,6918.38,2024-03-24 15:00:00,Paid,Furniture,0
INV0671,V003,Bangalore,5673.1,2024-03-24 18:00:00,Failed,Furniture,0
INV0672,V001,Chennai,4645.42,2024-03-24 21:00:00,Pending,Groceries,0
INV0673,V005,Delhi,5836.35,2024-03-25 00:00:00,Pending,Books,0
INV0674,V004,Delhi,4599.42,2024-03-25 03:00:00,Pending,Groceries,0
INV0675,V001,Delhi,6407.75,2024-03-25 06:00:00,Paid,Books,0
INV0676,V005,Bangalore,5443.57,2024-03-25 09:00:00,Paid,Books,0
INV0677,V005,Chennai,4871.24,2024-03-25 12:00:00,Paid,Groceries,0
INV0678,V003,Mumbai,5537.26,2024-03-25 15:00:00,Paid,Electronics,0
INV0679,V005,Mumbai,3114.95,2024-03-25 18:00:00,Paid,Furniture,0
INV0680,V005,Bangalore,3647.88,2024-03-25 21:00:00,Paid,Books,0
INV0681,V005,Delhi,3567.29,2024-03-26 00:00:00,Paid,Books,0
INV0682,V005,Hyderabad,5171.53,2024-03-26 03:00:00,Paid,Electronics,0
INV0683,V002,Bangalore,7079.02,2024-03-26 06:00:00,Paid,Clothing,0
INV0684,V002,Bangalore,7677.56,2024-03-26 09:00:00,Paid,Electronics,0
INV0685,V003,Chennai,5765.66,2024-03-26 12:00:00,Failed,Electronics,0
INV0686,V001,Mumbai,5601.01,2024-03-26 15:00:00,Pending,Books,0
INV0687,V005,Bangalore,2838.73,2024-03-26 18:00:00,Failed,Furniture,0
INV0688,V001,Bangalore,4348.79,2024-03-26 21:00:00,Paid,Electronics,0
INV0689,V001,Delhi,4054.66,2024-03-27 00:00:00,Paid,Clothing,0
INV0690,V003,Delhi,4254.98,2024-03-27 03:00:00,Pending,Groceries,0
INV0691,V005,Hyderabad,4798.23,2024-03-27 06:00:00,Paid,Electronics,0
INV0692,V005,Chennai,17793.85100630362,2024-05-03 01:00:00,Pending,Electronics,1
INV0693,V004,Hyderabad,2624.84,2024-03-27 12:00:00,Paid,Clothing,0
INV0694,V001,Delhi,5897.49,2024-03-27 15:00:00,Paid,Furniture,0
INV0695,V001,Mumbai,3712.71,2024-03-27 18:00:00,Paid,Electronics,0
INV0696,V002,Delhi,5287.1,2024-03-27 21:00:00,Paid,Electronics,0
INV0697,V004,Chennai,7488.9,2024-03-28 00:00:00,Paid,Furniture,0
INV0698,V002,Delhi,3896.74,2024-03-28 03:00:00,Paid,Clothing,0
INV0699,V002,Chennai,1963.65,2024-03-28 06:00:00,Paid,Electronics,0
INV0700,V002,Chennai,4656.79,2024-03-28 09:00:00,Pending,Furniture,0
INV0701,V003,Chennai,6321.15,2024-03-28 12:00:00,Paid,Electronics,0
INV0702,V003,Chennai,7350.02,2024-03-28 15:00:00,Paid,Groceries,0
INV0703,V002,Chennai,3524.54,2024-03-28 18:00:00,Pending,Books,0
INV0704,V004,Mumbai,5596.04,2024-03-28 21:00:00,Paid,Groceries,0
INV0705,V001,Hyderabad,4441.63,2024-03-29 00:00:00,Paid,Electronics,0
INV0706,V004,Bangalore,4872.86,2024-03-29 03:00:00,Paid,Clothing,0
INV0707,V005,Hyderabad,8173.21,2024-03-29 06:00:00,Paid,Books,0
INV0708,V003,Chennai,3196.44,2024-03-29 09:00:00,Paid,Groceries,0
INV0709,V001,Mumbai,5304.49,2024-03-29 12:00:00,Pending,Furniture,0
INV0710,V001,Delhi,5561.23,2024-03-29 15:00:00,Paid,Clothing,0
INV0711,V005,Mumbai,20263.12648834771,2024-05-01 13:00:00,Failed,Groceries,1
INV0712,V005,Chennai,20703.175443391916,2024-05-02 19:00:00,Pending,Furniture,1
INV0713,V002,Mumbai,5369.66,2024-03-30 00:00:00,Paid,Electronics,0
INV0714,V003,Mumbai,4530.02,2024-03-30 03:00:00,Paid,Furniture,0
INV0715,V003,Chennai,5322.95,2024-03-30 06:00:00,Paid,Groceries,0
INV0716,V004,Mumbai,4588.17,2024-03-30 09:00:00,Paid,Groceries,0
INV0717,V002,Bangalore,5745.89,2024-03-30 12:00:00,Paid,Electronics,0
INV0718,V002,Bangalore,4556.47,2024-03-30 15:00:00,Paid,Furniture,0
INV0719,V002,Mumbai,5452.52,2024-03-30 18:00:00,Paid,Furniture,0
INV0720,V002,Delhi,4964.88,2024-03-30 21:00:00,Pending,Electronics,0
INV0721,V003,Chennai,6351.26,2024-03-31 00:00:00,Paid,Furniture,0
INV0722,V003,Bangalore,4938.33,2024-03-31 03:00:00,Paid,Electronics,0
INV0723,V002,Delhi,2872.36,2024-03-31 06:00:00,Paid,Clothing,0
INV0724,V004,Mumbai,6514.31,2024-03-31 09:00:00,Pending,Groceries,0
INV0725,V001,Delhi,3913.12,2024-03-31 12:00:00,Paid,Clothing,0
INV0726,V001,Hyderabad,4215.48,2024-03-31 15:00:00,Paid,Books,0
INV0727,V004,Bangalore,4285.21,2024-03-31 18:00:00,Pending,Books,0
INV0728,V002,Mumbai,6649.33,2024-03-31 21:00:00,Pending,Books,0
INV0729,V003,Chennai,6760.709499381206,2024-05-02 13:00:00,Failed,Electronics,1
INV0730,V001,Mumbai,8765.3,2024-04-01 03:00:00,Paid,Furniture,0
INV0731,V005,Chennai,6267.27,2024-04-01 06:00:00,Pending,Clothing,0
INV0732,V005,Mumbai,5267.89,2024-04-01 09:00:00,Failed,Clothing,0
INV0733,V004,Delhi,4934.13,2024-04-01 12:00:00,Pending,Clothing,0
INV0734,V002,Delhi,5342.66,2024-04-01 15:00:00,Paid,Clothing,0
INV0735,V001,Delhi,5625.35,2024-04-01 18:00:00,Paid,Books,0
INV0736,V002,Hyderabad,5774.26,2024-04-01 21:00:00,Paid,Clothing,0
INV0737,V001,Chennai,5666.73,2024-04-02 00:00:00,Pending,Furniture,0
INV0738,V004,Delhi,5107.5,2024-04-02 03:00:00,Paid,Books,0
INV0739,V004,Hyderabad,4763.19,2024-04-02 06:00:00,Paid,Clothing,0
INV0740,V005,Chennai,4818.47,2024-04-02 09:00:00,Pending,Electronics,0
INV0741,V002,Mumbai,4766.11,2024-04-02 12:00:00,Paid,Groceries,0
INV0742,V005,Hyderabad,6360.52,2024-04-02 15:00:00,Pending,Groceries,0
INV0743,V002,Bangalore,5712.27,2024-04-02 18:00:00,Paid,Groceries,0
INV0744,V005,Hyderabad,1471.53,2024-04-02 21:00:00,Paid,Books,0
INV0745,V003,Hyderabad,5787.08,2024-04-03 00:00:00,Paid,Clothing,0
INV0746,V003,Chennai,5233.68,2024-04-03 03:00:00,Pending,Books,0
INV0747,V003,Mumbai,4977.55,2024-04-03 06:00:00,Paid,Furniture,0
INV0748,V003,Bangalore,4533.78,2024-04-03 09:00:00,Paid,Electronics,0
INV0749,V001,Delhi,6348.94,2024-04-03 12:00:00,Failed,Electronics,0
INV0750,V003,Delhi,6137.03,2024-04-03 15:00:00,Paid,Groceries,0
INV0751,V004,Hyderabad,4072.55,2024-04-03 18:00:00,Paid,Groceries,0
INV0752,V004,Chennai,5488.46,2024-04-03 21:00:00,Paid,Groceries,0
INV0753,V001,Chennai,3834.01,2024-04-04 00:00:00,Paid,Clothing,0
INV0754,V003,Delhi,17839.758149125046,2024-05-02 18:00:00,Failed,Furniture,1
INV0755,V003,Bangalore,4247.94,2024-04-04 06:00:00,Paid,Furniture,0
INV0756,V003,Mumbai,6034.87,2024-04-04 09:00:00,Paid,Furniture,0
INV0757,V005,Bangalore,6143.75,2024-04-04 12:00:00,Paid,Furniture,0
INV0758,V002,Mumbai,5615.7,2024-04-04 15:00:00,Paid,Groceries,0
INV0759,V005,Delhi,5870.11,2024-04-04 18:00:00,Paid,Electronics,0
INV0760,V002,Mumbai,5619.41,2024-04-04 21:00:00,Paid,Groceries,0
INV0761,V003,Chennai,4230.22,2024-04-05 00:00:00,Paid,Furniture,0
INV0762,V003,Hyderabad,5518.31,2024-04-05 03:00:00,Paid,Groceries,0
INV0763,V005,Hyderabad,5960.49,2024-04-05 06:00:00,Paid,Furniture,0
INV0764,V005,Delhi,5905.15,2024-04-05 09:00:00,Paid,Books,0
INV0765,V002,Chennai,6426.7,2024-04-05 12:00:00,Pending,Electronics,0
INV0766,V004,Bangalore,5849.96,2024-04-05 15:00:00,Paid,Books,0
INV0767,V002,Chennai,5421.74,2024-04-05 18:00:00,Pending,Clothing,0
INV0768,V005,Hyderabad,6284.18,2024-04-05 21:00:00,Failed,Groceries,0
INV0769,V005,Hyderabad,4968.17,2024-04-06 00:00:00,Paid,Clothing,0
INV0770,V001,Chennai,3941.75,2024-04-06 03:00:00,Paid,Groceries,0
INV0771,V005,Chennai,4804.32,2024-04-06 06:00:00,Paid,Books,0
INV0772,V001,Hyderabad,4106.12,2024-04-06 09:00:00,Pending,Furniture,0
INV0773,V004,Bangalore,4189.79,2024-04-06 12:00:00,Paid,Furniture,0
INV0774,V002,Delhi,4826.58,2024-04-06 15:00:00,Paid,Groceries,0
INV0775,V002,Delhi,4049.1,2024-04-06 18:00:00,Paid,Furniture,0
INV0776,V001,Chennai,4630.45,2024-04-06 21:00:00,Pending,Books,0
INV0777,V002,Delhi,2727.66,2024-04-07 00:00:00,Pending,Furniture,0
INV0778,V005,Hyderabad,5255.95,2024-04-07 03:00:00,Paid,Books,0
INV0779,V003,Hyderabad,5001.45,2024-04-07 06:00:00,Paid,Clothing,0
INV0780,V001,Chennai,4019.49,2024-04-07 09:00:00,Paid,Books,0
INV0781,V002,Chennai,5791.09,2024-04-07 12:00:00,Paid,Electronics,0
INV0782,V001,Chennai,6125.08,2024-04-07 15:00:00,Pending,Electronics,0
INV0783,V001,Bangalore,3070.93,2024-04-07 18:00:00,Paid,Electronics,0
INV0784,V003,Delhi,4084.73,2024-04-07 21:00:00,Paid,Groceries,0
INV0785,V005,Chennai,4077.03,2024-04-08 00:00:00,Paid,Groceries,0
INV0786,V001,Mumbai,3872.12,2024-04-08 03:00:00,Pending,Groceries,0
INV0787,V002,Mumbai,5995.37,2024-04-08 06:00:00,Pending,Books,0
INV0788,V004,Hyderabad,4767.41,2024-04-08 09:00:00,Paid,Groceries,0
INV0789,V001,Delhi,4682.58,2024-04-08 12:00:00,Pending,Clothing,0
INV0790,V001,Chennai,2595.37,2024-04-08 15:00:00,Paid,Electronics,0
INV0791,V003,Mumbai,5762.5,2024-04-08 18:00:00,Paid,Books,0
INV0792,V005,Delhi,12387.18188894254,2024-05-02 19:00:00,Failed,Electronics,1
INV0793,V004,Hyderabad,5071.92,2024-04-09 00:00:00,Paid,Groceries,0
INV0794,V002,Bangalore,5332.85,2024-04-09 03:00:00,Paid,Books,0
INV0795,V004,Delhi,6632.79,2024-04-09 06:00:00,Pending,Furniture,0
INV0796,V002,Delhi,3429.42,2024-04-09 09:00:00,Paid,Clothing,0
INV0797,V005,Bangalore,1376.59,2024-04-09 12:00:00,Paid,Groceries,0
INV0798,V002,Delhi,5220.62,2024-04-09 15:00:00,Paid,Groceries,0
INV0799,V003,Hyderabad,7160.61,2024-04-09 18:00:00,Paid,Clothing,0
INV0800,V003,Hyderabad,6486.74,2024-04-09 21:00:00,Pending,Clothing,0
INV0801,V003,Bangalore,5251.59,2024-04-10 00:00:00,Paid,Furniture,0
INV0802,V003,Chennai,4410.04,2024-04-10 03:00:00,Paid,Groceries,0
INV0803,V004,Mumbai,5968.55,2024-04-10 06:00:00,Pending,Groceries,0
INV0804,V005,Chennai,3831.74,2024-04-10 09:00:00,Paid,Electronics,0
INV0805,V002,Delhi,5571.63,2024-04-10 12:00:00,Paid,Books,0
INV0806,V002,Mumbai,5606.56,2024-04-10 15:00:00,Paid,Books,0
INV0807,V003,Bangalore,6272.25,2024-04-10 18:00:00,Paid,Electronics,0
INV0808,V003,Bangalore,8311.59,2024-04-10 21:00:00,Failed,Books,0
INV0809,V001,Mumbai,5470.9,2024-04-11 00:00:00,Pending,Clothing,0
INV0810,V005,Hyderabad,4389.24,2024-04-11 03:00:00,Paid,Books,0
INV0811,V004,Mumbai,4969.31,2024-04-11 06:00:00,Pending,Books,0
INV0812,V002,Delhi,2877.11,2024-04-11 09:00:00,Paid,Electronics,0
INV0813,V001,Hyderabad,4166.34,2024-04-11 12:00:00,Paid,Furniture,0
INV0814,V001,Bangalore,4508.86,2024-04-11 15:00:00,Paid,Books,0
INV0815,V002,Mumbai,4371.09,2024-04-11 18:00:00,Paid,Books,0
INV0816,V004,Chennai,5182.83,2024-04-11 21:00:00,Paid,Furniture,0
INV0817,V001,Chennai,4013.1,2024-04-12 00:00:00,Paid,Electronics,0
INV0818,V001,Delhi,6345.24,2024-04-12 03:00:00,Pending,Furniture,0
INV0819,V005,Chennai,5000.25,2024-04-12 06:00:00,Paid,Electronics,0
INV0820,V004,Mumbai,4988.84,2024-04-12 09:00:00,Paid,Clothing,0
INV0821,V001,Mumbai,4606.53,2024-04-12 12:00:00,Paid,Electronics,0
INV0822,V004,Chennai,5186.23,2024-04-12 15:00:00,Paid,Clothing,0
INV0823,V002,Mumbai,19605.039765300175,2024-05-01 00:00:00,Pending,Clothing,1
INV0824,V003,Delhi,3959.44,2024-04-12 21:00:00,Paid,Electronics,0
INV0825,V001,Hyderabad,4210.26,2024-04-13 00:00:00,Pending,Groceries,0
INV0826,V005,Delhi,4635.53,2024-04-13 03:00:00,Paid,Electronics,0
INV0827,V002,Delhi,3384.95,2024-04-13 06:00:00,Paid,Books,0
INV0828,V004,Mumbai,4016.89,2024-04-13 09:00:00,Paid,Books,0
INV0829,V002,Hyderabad,4428.53,2024-04-13 12:00:00,Paid,Groceries,0
INV0830,V001,Mumbai,6049.27,2024-04-13 15:00:00,Paid,Clothing,0
INV0831,V004,Bangalore,5315.07,2024-04-13 18:00:00,Pending,Groceries,0
INV0832,V003,Mumbai,5232.31,2024-04-13 21:00:00,Paid,Books,0
INV0833,V002,Mumbai,6021.08,2024-04-14 00:00:00,Paid,Groceries,0
INV0834,V001,Mumbai,4835.15,2024-04-14 03:00:00,Paid,Electronics,0
INV0835,V005,Hyderabad,5468.56,2024-04-14 06:00:00,Paid,Groceries,0
INV0836,V004,Mumbai,4876.13,2024-04-14 09:00:00,Paid,Clothing,0
INV0837,V002,Hyderabad,5318.43,2024-04-14 12:00:00,Pending,Electronics,0
INV0838,V002,Chennai,4300.69,2024-04-14 15:00:00,Paid,Furniture,0
INV0839,V003,Bangalore,2073.42,2024-04-14 18:00:00,Pending,Books,0
INV0840,V003,Hyderabad,4838.87,2024-04-14 21:00:00,Paid,Books,0
INV0841,V005,Chennai,6707.3,2024-04-15 00:00:00,Pending,Groceries,0
INV0842,V005,Hyderabad,6111.46,2024-04-15 03:00:00,Paid,Electronics,0
INV0843,V001,Hyderabad,6158.48,2024-04-15 06:00:00,Paid,Furniture,0
INV0844,V001,Bangalore,6483.36,2024-04-15 09:00:00,Paid,Electronics,0
INV0845,V005,Delhi,5106.39,2024-04-15 12:00:00,Pending,Books,0
INV0846,V005,Delhi,5236.78,2024-04-15 15:00:00,Paid,Electronics,0
INV0847,V004,Hyderabad,4258.82,2024-04-15 18:00:00,Paid,Furniture,0
INV0848,V003,Mumbai,4620.71,2024-04-15 21:00:00,Paid,Groceries,0
INV0849,V001,Chennai,5738.93,2024-04-16 00:00:00,Pending,Clothing,0
INV0850,V003,Mumbai,6444.66,2024-04-16 03:00:00,Paid,Electronics,0
INV0851,V003,Mumbai,4832.66,2024-04-16 06:00:00,Pending,Clothing,0
INV0852,V005,Hyderabad,16293.981271478391,2024-05-02 14:00:00,Pending,Books,1
INV0853,V004,Hyderabad,5000.63,2024-04-16 12:00:00,Paid,Groceries,0
INV0854,V002,Hyderabad,5721.45,2024-04-16 15:00:00,Paid,Groceries,0
INV0855,V004,Hyderabad,3267.37,2024-04-16 18:00:00,Failed,Electronics,0
INV0856,V004,Delhi,2244.58,2024-04-16 21:00:00,Paid,Groceries,0
INV0857,V003,Hyderabad,4339.36,2024-04-17 00:00:00,Pending,Electronics,0
INV0858,V004,Delhi,3535.15,2024-04-17 03:00:00,Paid,Electronics,0
INV0859,V001,Delhi,4390.23,2024-04-17 06:00:00,Paid,Clothing,0
INV0860,V003,Hyderabad,4822.66,2024-04-17 09:00:00,Paid,Groceries,0
INV0861,V001,Bangalore,4456.1,2024-04-17 12:00:00,Paid,Electronics,0
INV0862,V002,Chennai,6742.96,2024-04-17 15:00:00,Pending,Clothing,0
INV0863,V003,Mumbai,5392.09,2024-04-17 18:00:00,Pending,Furniture,0
INV0864,V002,Delhi,5360.57,2024-04-17 21:00:00,Pending,Clothing,0
INV0865,V003,Chennai,5746.65,2024-04-18 00:00:00,Pending,Clothing,0
INV0866,V005,Bangalore,3633.4,2024-04-18 03:00:00,Paid,Electronics,0
INV0867,V004,Mumbai,6246.93,2024-04-18 06:00:00,Paid,Books,0
INV0868,V005,Mumbai,4909.08,2024-04-18 09:00:00,Failed,Books,0
INV0869,V002,Delhi,5804.58,2024-04-18 12:00:00,Paid,Books,0
INV0870,V004,Hyderabad,3713.77,2024-04-18 15:00:00,Pending,Clothing,0
INV0871,V003,Bangalore,3135.49,2024-04-18 18:00:00,Pending,Electronics,0
INV0872,V004,Delhi,5981.47,2024-04-18 21:00:00,Paid,Groceries,0
INV0873,V001,Bangalore,5451.69,2024-04-19 00:00:00,Failed,Clothing,0
INV0874,V004,Hyderabad,3917.54,2024-04-19 03:00:00,Paid,Clothing,0
INV0875,V001,Hyderabad,3956.4,2024-04-19 06:00:00,Paid,Electronics,0
INV0876,V004,Delhi,6350.52,2024-04-19 09:00:00,Paid,Furniture,0
INV0877,V001,Hyderabad,3572.71,2024-04-19 12:00:00,Paid,Clothing,0
INV0878,V002,Chennai,6971.21,2024-04-19 15:00:00,Paid,Furniture,0
INV0879,V005,Mumbai,3919.26,2024-04-19 18:00:00,Paid,Furniture,0
INV0880,V003,Delhi,5766.07,2024-04-19 21:00:00,Pending,Books,0
INV0881,V004,Bangalore,4605.66,2024-04-20 00:00:00,Pending,Electronics,0
INV0882,V005,Chennai,5723.82,2024-04-20 03:00:00,Paid,Furniture,0
INV0883,V003,Delhi,4347.06,2024-04-20 06:00:00,Paid,Electronics,0
INV0884,V003,Hyderabad,4804.65,2024-04-20 09:00:00,Pending,Books,0
INV0885,V001,Hyderabad,5049.1,2024-04-20 12:00:00,Paid,Electronics,0
INV0886,V002,Hyderabad,3797.38,2024-04-20 15:00:00,Paid,Clothing,0
INV0887,V002,Hyderabad,5888.99,2024-04-20 18:00:00,Paid,Furniture,0
INV0888,V005,Bangalore,4384.14,2024-04-20 21:00:00,Paid,Electronics,0
INV0889,V002,Chennai,4725.68,2024-04-21 00:00:00,Paid,Groceries,0
INV0890,V004,Mumbai,3806.78,2024-04-21 03:00:00,Failed,Electronics,0
INV0891,V002,Bangalore,7155.844760463465,2024-05-02 17:00:00,Failed,Furniture,1
INV0892,V005,Bangalore,4770.77,2024-04-21 09:00:00,Paid,Books,0
INV0893,V002,Mumbai,7895.14,2024-04-21 12:00:00,Paid,Books,0
INV0894,V004,Mumbai,5941.53,2024-04-21 15:00:00,Paid,Furniture,0
INV0895,V001,Hyderabad,4976.89,2024-04-21 18:00:00,Paid,Clothing,0
INV0896,V005,Bangalore,4684.53,2024-04-21 21:00:00,Pending,Clothing,0
INV0897,V001,Delhi,5026.96,2024-04-22 00:00:00,Pending,Books,0
INV0898,V001,Mumbai,5656.54,2024-04-22 03:00:00,Paid,Books,0
INV0899,V001,Mumbai,3583.02,2024-04-22 06:00:00,Pending,Furniture,0
INV0900,V003,Chennai,6337.19,2024-04-22 09:00:00,Pending,Clothing,0
INV0901,V003,Delhi,5858.46,2024-04-22 12:00:00,Pending,Books,0
INV0902,V001,Delhi,5861.82,2024-04-22 15:00:00,Paid,Clothing,0
INV0903,V005,Mumbai,5526.17,2024-04-22 18:00:00,Paid,Books,0
INV0904,V004,Hyderabad,20670.160631621082,2024-05-02 19:00:00,Failed,Electronics,1
INV0905,V004,Chennai,5807.43,2024-04-23 00:00:00,Paid,Groceries,0
INV0906,V002,Delhi,5710.18,2024-04-23 03:00:00,Paid,Electronics,0
INV0907,V005,Mumbai,4575.15,2024-04-23 06:00:00,Paid,Books,0
INV0908,V003,Delhi,4311.68,2024-04-23 09:00:00,Pending,Groceries,0
INV0909,V001,Chennai,5122.23,2024-04-23 12:00:00,Pending,Groceries,0
INV0910,V002,Chennai,6858.82,2024-04-23 15:00:00,Pending,Books,0
INV0911,V004,Bangalore,3513.07,2024-04-23 18:00:00,Paid,Books,0
INV0912,V003,Mumbai,3238.97,2024-04-23 21:00:00,Paid,Clothing,0
INV0913,V003,Chennai,5197.71,2024-04-24 00:00:00,Paid,Books,0
INV0914,V001,Bangalore,5061.07,2024-04-24 03:00:00,Paid,Furniture,0
INV0915,V004,Bangalore,5208.01,2024-04-24 06:00:00,Paid,Books,0
INV0916,V005,Delhi,5292.74,2024-04-24 09:00:00,Paid,Furniture,0
INV0917,V003,Delhi,4732.16,2024-04-24 12:00:00,Paid,Books,0
INV0918,V001,Bangalore,6787.84,2024-04-24 15:00:00,Pending,Clothing,0
INV0919,V005,Delhi,3078.92,2024-04-24 18:00:00,Paid,Furniture,0
INV0920,V004,Chennai,4005.8,2024-04-24 21:00:00,Pending,Electronics,0
INV0921,V003,Hyderabad,4876.09,2024-04-25 00:00:00,Paid,Furniture,0
INV0922,V005,Chennai,3028.17,2024-04-25 03:00:00,Paid,Clothing,0
INV0923,V005,Bangalore,4788.97,2024-04-25 06:00:00,Paid,Furniture,0
INV0924,V005,Bangalore,6993.76,2024-04-25 09:00:00,Paid,Books,0
INV0925,V003,Chennai,5025.06,2024-04-25 12:00:00,Paid,Books,0
INV0926,V003,Delhi,5276.84,2024-04-25 15:00:00,Paid,Clothing,0
INV0927,V002,Delhi,3487.8,2024-04-25 18:00:00,Paid,Groceries,0
INV0928,V004,Bangalore,4260.37,2024-04-25 21:00:00,Paid,Books,0
INV0929,V001,Mumbai,4549.76,2024-04-26 00:00:00,Paid,Electronics,0
INV0930,V005,Delhi,4618.74,2024-04-26 03:00:00,Pending,Clothing,0
INV0931,V002,Chennai,35516.670059197204,2024-05-01 11:00:00,Pending,Furniture,1
INV0932,V001,Delhi,5669.23,2024-04-26 09:00:00,Pending,Furniture,0
INV0933,V002,Chennai,3666.25,2024-04-26 12:00:00,Paid,Electronics,0
INV0934,V003,Bangalore,5295.81,2024-04-26 15:00:00,Pending,Books,0
INV0935,V005,Delhi,5597.87,2024-04-26 18:00:00,Pending,Clothing,0
INV0936,V001,Chennai,6368.18,2024-04-26 21:00:00,Paid,Electronics,0
INV0937,V001,Bangalore,6896.65,2024-04-27 00:00:00,Paid,Books,0
INV0938,V001,Mumbai,3781.89,2024-04-27 03:00:00,Pending,Clothing,0
INV0939,V001,Chennai,4026.97,2024-04-27 06:00:00,Paid,Furniture,0
INV0940,V001,Mumbai,3490.91,2024-04-27 09:00:00,Paid,Clothing,0
INV0941,V002,Mumbai,4719.18,2024-04-27 12:00:00,Paid,Groceries,0
INV0942,V005,Hyderabad,5559.63,2024-04-27 15:00:00,Pending,Clothing,0
INV0943,V003,Delhi,6184.8,2024-04-27 18:00:00,Pending,Groceries,0
INV0944,V003,Chennai,20126.1818934383,2024-05-03 01:00:00,Pending,Clothing,1
INV0945,V003,Mumbai,4616.18,2024-04-28 00:00:00,Paid,Groceries,0
INV0946,V003,Hyderabad,5182.11,2024-04-28 03:00:00,Paid,Furniture,0
INV0947,V002,Bangalore,3997.83,2024-04-28 06:00:00,Paid,Books,0
INV0948,V004,Chennai,34374.562012218674,2024-05-02 06:00:00,Pending,Groceries,1
INV0949,V005,Mumbai,3070.81,2024-04-28 12:00:00,Paid,Groceries,0
INV0950,V001,Delhi,5221.69,2024-04-28 15:00:00,Paid,Furniture,0
INV0951,V004,Hyderabad,7428.33,2024-04-28 18:00:00,Paid,Groceries,0
INV0952,V003,Mumbai,15934.879153986074,2024-05-01 09:00:00,Failed,Electronics,1
INV0953,V004,Delhi,4771.95,2024-04-29 00:00:00,Paid,Furniture,0
INV0954,V005,Mumbai,4571.07,2024-04-29 03:00:00,Paid,Electronics,0
INV0955,V001,Chennai,4783.53,2024-04-29 06:00:00,Paid,Furniture,0
INV0956,V001,Chennai,6647.42,2024-04-29 09:00:00,Paid,Groceries,0
INV0957,V005,Chennai,2345.77,2024-04-29 12:00:00,Paid,Electronics,0
INV0958,V005,Hyderabad,6840.12,2024-04-29 15:00:00,Paid,Groceries,0
INV0959,V003,Chennai,3291.25,2024-04-29 18:00:00,Paid,Furniture,0
INV0960,V001,Delhi,4680.02,2024-04-29 21:00:00,Pending,Groceries,0
INV0961,V004,Mumbai,4484.91,2024-04-30 00:00:00,Pending,Electronics,0
INV0962,V002,Bangalore,5706.26,2024-04-30 03:00:00,Failed,Electronics,0
INV0963,V002,Delhi,3082.25,2024-04-30 06:00:00,Paid,Groceries,0
INV0964,V005,Delhi,5554.61,2024-04-30 09:00:00,Failed,Clothing,0
INV0965,V003,Chennai,7429.17,2024-04-30 12:00:00,Paid,Furniture,0
INV0966,V002,Hyderabad,14498.77165561816,2024-05-01 01:00:00,Failed,Furniture,1
INV0967,V001,Mumbai,5227.65,2024-04-30 18:00:00,Paid,Groceries,0
INV0968,V005,Hyderabad,14339.73156199317,2024-05-01 11:00:00,Pending,Clothing,1
INV0969,V004,Mumbai,19911.025165554598,2024-05-01 06:00:00,Failed,Electronics,1
INV0970,V005,Mumbai,5022.98,2024-05-01 03:00:00,Paid,Books,0
INV0971,V004,Hyderabad,4230.22,2024-05-01 06:00:00,Paid,Books,0
INV0972,V005,Delhi,5585.45,2024-05-01 09:00:00,Paid,Groceries,0
INV0973,V005,Mumbai,7165.22,2024-05-01 12:00:00,Paid,Clothing,0
INV0974,V005,Hyderabad,4770.92,2024-05-01 15:00:00,Paid,Clothing,0
INV0975,V004,Mumbai,5863.71,2024-05-01 18:00:00,Paid,Furniture,0
INV0976,V004,Bangalore,3448.07,2024-05-01 21:00:00,Pending,Electronics,0
INV0977,V005,Delhi,3852.28,2024-05-02 00:00:00,Pending,Clothing,0
INV0978,V002,Chennai,5566.89,2024-05-02 03:00:00,Paid,Books,0
INV0979,V003,Mumbai,6780.94,2024-05-02 06:00:00,Paid,Electronics,0
INV0980,V003,Bangalore,5426.74,2024-05-02 09:00:00,Paid,Electronics,0
INV0981,V003,Chennai,4624.33,2024-05-02 12:00:00,Pending,Groceries,0
INV0982,V004,Chennai,4999.15,2024-05-02 15:00:00,Paid,Clothing,0
INV0983,V004,Mumbai,3499.51,2024-05-02 18:00:00,Paid,Groceries,0
INV0984,V002,Hyderabad,5725.42,2024-05-02 21:00:00,Paid,Clothing,0
INV0985,V003,Mumbai,6058.8,2024-05-03 00:00:00,Paid,Furniture,0
INV0986,V003,Bangalore,4457.49,2024-05-03 03:00:00,Paid,Groceries,0
INV0987,V005,Chennai,4435.95,2024-05-03 06:00:00,Pending,Groceries,0
INV0988,V004,Mumbai,13524.162825760466,2024-05-02 00:00:00,Pending,Books,1
INV0989,V003,Hyderabad,4475.94,2024-05-03 12:00:00,Paid,Groceries,0
INV0990,V002,Mumbai,4920.64,2024-05-03 15:00:00,Pending,Clothing,0
INV0991,V002,Delhi,7519.67,2024-05-03 18:00:00,Pending,Books,0
INV0992,V003,Hyderabad,4703.57,2024-05-03 21:00:00,Paid,Groceries,0
INV0993,V004,Bangalore,4569.99,2024-05-04 00:00:00,Paid,Groceries,0
INV0994,V002,Chennai,4222.95,2024-05-04 03:00:00,Paid,Furniture,0
INV0995,V005,Mumbai,5893.03,2024-05-04 06:00:00,Pending,Groceries,0
INV0996,V002,Hyderabad,4782.53,2024-05-04 09:00:00,Paid,Electronics,0
INV0997,V001,Delhi,4220.75,2024-05-04 12:00:00,Pending,Books,0
INV0998,V001,Hyderabad,6585.56,2024-05-04 15:00:00,Paid,Electronics,0
INV0999,V004,Delhi,6703.52,2024-05-04 18:00:00,Paid,Books,0
INV1000,V003,Bangalore,4279.49,2024-05-04 21:00:00,Paid,Furniture,0
